key_brandxpdt;brand;product_name;nb_verbatims;categorie_interne;sous_categorie_interne;photo
CAUDALIEpremier cru - serum;CAUDALIE;premier cru - serum;2262;Face Care;Face Care : Anti-Aging;non
L'ORÉAL PARISrevitalift laser - tri peptides serum;L'ORÉAL PARIS;revitalift laser - tri peptides serum;1528;Face Care;Face Care : Anti-Aging;non
NUXEvery rose - soothing cleansing gel;NUXE;very rose - soothing cleansing gel;994;Face Care;Face Care : Cleansers & make-up removers;non
NUXEhair prodigieux - intensive repair hair mask;NUXE;hair prodigieux - intensive repair hair mask;850;Hair Care;Hair Care : Dry Hair;non
CAUDALIEvinosun - lightweight cream spf 50;CAUDALIE;vinosun - lightweight cream spf 50;823;Sun Care;Sun Care : Sun protection;non
CAUDALIEvinopure - blemish control salicylic serum;CAUDALIE;vinopure - blemish control salicylic serum;800;Face Care;Face Care : Acne Treatments;non
CAUDALIEresveratrol lift - firming cashmere day cream;CAUDALIE;resveratrol lift - firming cashmere day cream;743;Face Care;Face Care : Anti-Aging;non
CAUDALIEvinoperfect - brightening dark spot serum;CAUDALIE;vinoperfect - brightening dark spot serum;717;Face Care;Face Care : Depigmentation;non
NUXEhuile prodigieuse or florale - dry oil;NUXE;huile prodigieuse or florale - dry oil;689;Body Care;Body Care : Body Moisturizer;non
KERASTASEnutritive - 8h magic night serum;KERASTASE;nutritive - 8h magic night serum;612;Hair Care;Hair Care : Dry Hair;non
CAUDALIEresveratrol lift - firming night cream;CAUDALIE;resveratrol lift - firming night cream;536;Face Care;Face Care : Anti-Aging;non
CAUDALIEresveratrol lift - instant firming serum;CAUDALIE;resveratrol lift - instant firming serum;532;Face Care;Face Care : Anti-Aging;non
KERASTASEgenesis - anti hair fall fortifying serum;KERASTASE;genesis - anti hair fall fortifying serum;517;Hair Care;Hair Care : Anti Hair Loss;non
CAUDALIEvinoclean - instant foaming cleanser;CAUDALIE;vinoclean - instant foaming cleanser;498;Face Care;Face Care : Cleansers & make-up removers;non
NUXEzinc power - mattifying fluid pore minimizer;NUXE;zinc power - mattifying fluid pore minimizer;414;Face Care;Face Care : Acne Treatments;non
CAUDALIEpremier cru - rich face cream;CAUDALIE;premier cru - rich face cream;370;Face Care;Face Care : Anti-Aging;non
L'ORÉAL PARISelsève fiber booster - serum;L'ORÉAL PARIS;elsève fiber booster - serum;366;GMS;GMS : Hair Care;non
CAUDALIEvinosun - self tan sun drops;CAUDALIE;vinosun - self tan sun drops;362;Sun Care;Sun Care : Sun protection;non
LA ROCHE POSAYmela b3 - anti dark spots serum;LA ROCHE POSAY;mela b3 - anti dark spots serum;348;Face Care;Face Care : Depigmentation;non
CAUDALIEvinoclean - makeup removing cleansing oil;CAUDALIE;vinoclean - makeup removing cleansing oil;345;Face Care;Face Care : Cleansers & make-up removers;non
CAUDALIEvinopure - moisturizing mattifying fluid;CAUDALIE;vinopure - moisturizing mattifying fluid;319;Face Care;Face Care : Acne Treatments;non
CAUDALIEpremier cru - face cream;CAUDALIE;premier cru - face cream;315;Face Care;Face Care : Anti-Aging;non
KERASTASEgloss absolu - glaze drops - high shine hair oil;KERASTASE;gloss absolu - glaze drops - high shine hair oil;301;Hair Care;Hair Care : Normal Hair;non
SOL DE JANEIROspritz the season - set;SOL DE JANEIRO;spritz the season - set;299;Other;Other : Fragrances;non
L'ORÉAL PARISextensionist telescopic - mascara;L'ORÉAL PARIS;extensionist telescopic - mascara;287;Make-up;Make-up : Eyes;non
CAUDALIEpremier cru - eye cream;CAUDALIE;premier cru - eye cream;280;Face Care;Face Care : Anti-Aging;non
CAUDALIEvinohydra - hyaluronic serum;CAUDALIE;vinohydra - hyaluronic serum;268;Face Care;Face Care : Moisturisers;non
CAUDALIEvinoperfect - brightening eye cream;CAUDALIE;vinoperfect - brightening eye cream;239;Face Care;Face Care : Depigmentation;non
CAUDALIEvinosculpt - lift & firm body cream;CAUDALIE;vinosculpt - lift & firm body cream;235;Body Care;Body Care : Firming care;non
CAUDALIEresveratrol lift - firming eye gel cream;CAUDALIE;resveratrol lift - firming eye gel cream;224;Face Care;Face Care : Anti-Aging;non
CAUDALIEvinohydra - deep hydration moisturizer;CAUDALIE;vinohydra - deep hydration moisturizer;215;Face Care;Face Care : Moisturisers;non
CAUDALIEvinotherapist - lip conditioner;CAUDALIE;vinotherapist - lip conditioner;211;Lips / Hands Care;Lips / Hands : Lip care;non
CAUDALIEvinergetic c plus - instant detox mask;CAUDALIE;vinergetic c plus - instant detox mask;209;Face Care;Face Care : Moisturisers;non
CAUDALIEvinopure - salicylic spot solution;CAUDALIE;vinopure - salicylic spot solution;203;Face Care;Face Care : Acne Treatments;non
SOL DE JANEIRObum bum - set;SOL DE JANEIRO;bum bum - set;200;Body Care;Body Care : Firming care;non
CAUDALIEvinocrush - skin tint;CAUDALIE;vinocrush - skin tint;199;Make-up;Make-up : Face;non
CAUDALIEvinoperfect - concentrated brightening essence;CAUDALIE;vinoperfect - concentrated brightening essence;198;Face Care;Face Care : Depigmentation;non
CERAVEinvisible - dry touch fluid spf 50;CERAVE;invisible - dry touch fluid spf 50;192;Sun Care;Sun Care : Sun protection;non
CERAVEinvisible - hydrating fluid spf 50;CERAVE;invisible - hydrating fluid spf 50;190;Sun Care;Sun Care : Sun protection;non
SOL DE JANEIROcheirosa 40 bom dia - perfume mist;SOL DE JANEIRO;cheirosa 40 bom dia - perfume mist;189;Other;Other : Fragrances;non
L'ORÉAL PARIScolor riche - blurred matte lipstick;L'ORÉAL PARIS;color riche - blurred matte lipstick;189;Make-up;Make-up : Lips;non
CERAVEinvisible - sunscreen stick spf 50;CERAVE;invisible - sunscreen stick spf 50;189;Sun Care;Sun Care : Sun protection;non
CERAVEinvisible - hydrating lotion spf 50;CERAVE;invisible - hydrating lotion spf 50;188;Sun Care;Sun Care : Sun protection;non
LA ROCHE POSAYanthelios uv air - serum sunscreen spf 50;LA ROCHE POSAY;anthelios uv air - serum sunscreen spf 50;187;Sun Care;Sun Care : Sun protection;non
CERAVEinvisible - hydrating lotion spf 30;CERAVE;invisible - hydrating lotion spf 30;184;Sun Care;Sun Care : Sun protection;non
SOL DE JANEIROcheirosa 59 delicia drench - perfume mist;SOL DE JANEIRO;cheirosa 59 delicia drench - perfume mist;184;Other;Other : Fragrances;non
CAUDALIEvinofresh - deo;CAUDALIE;vinofresh - deo;175;Body Hygiene;Body Hygiene : Deodorants;non
CAUDALIEvinoclean - moisturizing toner;CAUDALIE;vinoclean - moisturizing toner;171;Face Care;Face Care : Cleansers & make-up removers;non
CAUDALIEvinotherapist - hand and nail cream;CAUDALIE;vinotherapist - hand and nail cream;164;Lips / Hands Care;Lips / Hands : Hand care;non
KERASTASEnutritive - nutri-supplement - split ends serum;KERASTASE;nutritive - nutri-supplement - split ends serum;160;Hair Care;Hair Care : Dry Hair;non
LA ROCHE POSAYeffaclar - ultra concentrated serum;LA ROCHE POSAY;effaclar - ultra concentrated serum;160;Face Care;Face Care : Acne Treatments;non
SOL DE JANEIRObeija flor - set;SOL DE JANEIRO;beija flor - set;159;Body Care;Body Care : Firming care;non
KERASTASEelixir ultime - l'huile originale;KERASTASE;elixir ultime - l'huile originale;159;Hair Care;Hair Care : Dry Hair;non
LA ROCHE POSAYeffaclar - duo (plus) m;LA ROCHE POSAY;effaclar - duo (plus) m;158;Face Care;Face Care : Acne Treatments;non
CAUDALIEbeauty elixir;CAUDALIE;beauty elixir;158;Face Care;Face Care : Anti-Aging;non
SOL DE JANEIROcheirosa 48 - perfume mist;SOL DE JANEIRO;cheirosa 48 - perfume mist;154;Other;Other : Fragrances;non
KERASTASEblond absolu - bain lumière - hydrating illuminating shampoo;KERASTASE;blond absolu - bain lumière - hydrating illuminating shampoo;151;Hair Care;Hair Care : Damaged Hair;non
CAUDALIEvinoclean - deep cleansing exfoliator;CAUDALIE;vinoclean - deep cleansing exfoliator;147;Face Care;Face Care : Cleansers & make-up removers;non
L'ORÉAL PROFESSIONNELkeratin alpha sleek - smoothing treatment;L'ORÉAL PROFESSIONNEL;keratin alpha sleek - smoothing treatment;145;Hair Care;Hair Care : Damaged Hair;non
NEUTROGENAultra sheer - invisible cream sunscreen spf 50;NEUTROGENA;ultra sheer - invisible cream sunscreen spf 50;144;Sun Care;Sun Care : Sun protection;non
CAUDALIEvinohydra - sorbet cream moisturizer;CAUDALIE;vinohydra - sorbet cream moisturizer;143;Face Care;Face Care : Moisturisers;non
LA ROCHE POSAYhydraphase ha - light moisturizer;LA ROCHE POSAY;hydraphase ha - light moisturizer;141;Face Care;Face Care : Moisturisers;non
L'ORÉAL PARISmagic retouch - root concealer spray;L'ORÉAL PARIS;magic retouch - root concealer spray;141;GMS;GMS : Skin Care;non
KERASTASEnutritive - masquintense thin hair;KERASTASE;nutritive - masquintense thin hair;139;Hair Care;Hair Care : Dry Hair;non
LA ROCHE POSAYhydraphase ha - rich moisturizer;LA ROCHE POSAY;hydraphase ha - rich moisturizer;136;Face Care;Face Care : Moisturisers;non
CAUDALIEvinosun - invisible spray spf 50;CAUDALIE;vinosun - invisible spray spf 50;135;Sun Care;Sun Care : Sun protection;non
CAUDALIEvinopure - purifying toner;CAUDALIE;vinopure - purifying toner;134;Face Care;Face Care : Acne Treatments;non
SOL DE JANEIROcheirosa 68 - perfume mist;SOL DE JANEIRO;cheirosa 68 - perfume mist;133;Other;Other : Fragrances;non
CAUDALIEthé des vignes - shower gel;CAUDALIE;thé des vignes - shower gel;132;Body Hygiene;Body Hygiene : Syndets;non
CAUDALIEvinoperfect - instant brightening moisturizer;CAUDALIE;vinoperfect - instant brightening moisturizer;129;Face Care;Face Care : Depigmentation;non
EUCERINatopicontrol - hydro gel cream;EUCERIN;atopicontrol - hydro gel cream;127;Body Care;Body Care : Body Moisturizer;non
GARNIERpure active - salicylic cleansing gel;GARNIER;pure active - salicylic cleansing gel;127;Face Care;Face Care : Acne Treatments;non
L'ORÉAL PARISelsève - extraordinary oil - serum;L'ORÉAL PARIS;elsève - extraordinary oil - serum;126;GMS;GMS : Hair Care;non
CAUDALIEvinosource hydra - moisturizing mask;CAUDALIE;vinosource hydra - moisturizing mask;126;Face Care;Face Care : Moisturisers;non
MOROCCAN OILhydration - all in one leave-in conditioner;MOROCCAN OIL;hydration - all in one leave-in conditioner;125;Hair Care;Hair Care : Dry Hair;non
CAUDALIEvinosun protect - stick spf 50;CAUDALIE;vinosun protect - stick spf 50;123;Sun Care;Sun Care : Sun protection;non
KERASTASEgenesis - défense thermique - anti hair fall fortifying fluid;KERASTASE;genesis - défense thermique - anti hair fall fortifying fluid;122;Hair Care;Hair Care : Anti Hair Loss;non
SOL DE JANEIROcheirosa 71 - perfume mist;SOL DE JANEIRO;cheirosa 71 - perfume mist;122;Other;Other : Fragrances;non
NEUTROGENAhydro boost - water gel moisturiser;NEUTROGENA;hydro boost - water gel moisturiser;122;Face Care;Face Care : Moisturisers;non
CAUDALIEvinoclean - grape water;CAUDALIE;vinoclean - grape water;120;Face Care;Face Care : Cleansers & make-up removers;non
OLAPLEXno.7 - bonding oil;OLAPLEX;no.7 - bonding oil;120;Hair Care;Hair Care : Damaged Hair;non
CAUDALIEvinosource hydra - grape water gel moisturizer;CAUDALIE;vinosource hydra - grape water gel moisturizer;116;Face Care;Face Care : Moisturisers;non
CAUDALIEvinohydra - moisturizing cleansing gel;CAUDALIE;vinohydra - moisturizing cleansing gel;113;Face Care;Face Care : Cleansers & make-up removers;non
KERASTASEgenesis - hydra fortifiant - anti hair fall fortifying shampoo;KERASTASE;genesis - hydra fortifiant - anti hair fall fortifying shampoo;113;Hair Care;Hair Care : Anti Hair Loss;non
CAUDALIEvinoperfect - dark spot correcting glycolic night cream;CAUDALIE;vinoperfect - dark spot correcting glycolic night cream;113;Face Care;Face Care : Depigmentation;non
L'ORÉAL PARISelsève - extraordinary oil jojoba - hair oil;L'ORÉAL PARIS;elsève - extraordinary oil jojoba - hair oil;112;GMS;GMS : Hair Care;non
CAUDALIEsoleil des vignes - oil elixir;CAUDALIE;soleil des vignes - oil elixir;112;Body Care;Body Care : Body Moisturizer;non
CAUDALIEvinosculpt - crushed cabernet scrub;CAUDALIE;vinosculpt - crushed cabernet scrub;111;Body Care;Body Care : Scrubs;non
CAUDALIEvinoclean - gentle scrub cream;CAUDALIE;vinoclean - gentle scrub cream;111;Face Care;Face Care : Cleansers & make-up removers;non
KERASTASEgenesis - masque reconstituant;KERASTASE;genesis - masque reconstituant;109;Hair Care;Hair Care : Anti Hair Loss;non
CAUDALIEvinoperfect - glycolic peel mask;CAUDALIE;vinoperfect - glycolic peel mask;108;Face Care;Face Care : Depigmentation;non
CAUDALIEvinosun - high protection glow oil spf 50;CAUDALIE;vinosun - high protection glow oil spf 50;108;Sun Care;Sun Care : Sun protection;non
KERASTASEblond absolu - cicaflash - intense fortifying treatment;KERASTASE;blond absolu - cicaflash - intense fortifying treatment;107;Hair Care;Hair Care : Damaged Hair;non
CAUDALIEthé des vignes - fresh fragrance;CAUDALIE;thé des vignes - fresh fragrance;106;Other;Other : Fragrances;non
CAUDALIEvinotherapist - replenishing vegan body butter;CAUDALIE;vinotherapist - replenishing vegan body butter;104;Body Care;Body Care : Body Moisturizer;non
KERASTASEspecifique - bain divalent - balancing shampoo;KERASTASE;specifique - bain divalent - balancing shampoo;103;Marques coiffeurs;Coif : Hair Care;non
VICHYmineral 89 - fortifying and plumping daily booster;VICHY;mineral 89 - fortifying and plumping daily booster;102;Face Care;Face Care : Anti-Aging;non
OLAPLEXno.4 bond maintenance - shampoo;OLAPLEX;no.4 bond maintenance - shampoo;101;Hair Care;Hair Care : Damaged Hair;non
GARNIERskin active - vitamin c 3.5% anti dark spot serum;GARNIER;skin active - vitamin c 3.5% anti dark spot serum;101;Face Care;Face Care : Depigmentation;non
KLORANEprickly pear - quenching serum;KLORANE;prickly pear - quenching serum;98;Hair Care;Hair Care : Dry Hair;oui
VICHYdercos collagen filler 17 - ultra repairing treatment;VICHY;dercos collagen filler 17 - ultra repairing treatment;98;Hair Care;Hair Care : Anti Hair Loss;non
KERASTASEgenesis - nutri fortifiant - anti hair fall fortifying shampoo;KERASTASE;genesis - nutri fortifiant - anti hair fall fortifying shampoo;95;Hair Care;Hair Care : Anti Hair Loss;non
CAUDALIEvinoperfect - set;CAUDALIE;vinoperfect - set;94;Face Care;Face Care : Depigmentation;non
KERASTASEgloss absolu - bain hydra-glaze - hydra illuminating shampoo;KERASTASE;gloss absolu - bain hydra-glaze - hydra illuminating shampoo;94;Hair Care;Hair Care : Normal Hair;non
L'ORÉAL PARIShyaluron tint - lip stain serum;L'ORÉAL PARIS;hyaluron tint - lip stain serum;91;Make-up;Make-up : Lips;non
VICHYdercos collagen filler 17 - ultra repairing shampoo;VICHY;dercos collagen filler 17 - ultra repairing shampoo;91;Hair Care;Hair Care : Anti Hair Loss;non
CAUDALIEvinotherapist - tinted lip balm;CAUDALIE;vinotherapist - tinted lip balm;91;Lips / Hands Care;Lips / Hands : Lip care;non
SOL DE JANEIRObrazilian bum bum - set;SOL DE JANEIRO;brazilian bum bum - set;90;Hair Care;Hair Care : Normal Hair;non
KERASTASEnutritive - masquintense thick hair;KERASTASE;nutritive - masquintense thick hair;88;Hair Care;Hair Care : Dry Hair;non
NUXEhair prodigieux - leave in cream;NUXE;hair prodigieux - leave in cream;88;Hair Care;Hair Care : Dry Hair;non
VICHYliftactiv collagen specialist 16 - eye care;VICHY;liftactiv collagen specialist 16 - eye care;88;Face Care;Face Care : Anti-Aging;non
VICHYmineral 89 - 48h moisture matte sorbet;VICHY;mineral 89 - 48h moisture matte sorbet;88;Face Care;Face Care : Moisturisers;non
ADERMAexomega control - emollient shower oil;ADERMA;exomega control - emollient shower oil;87;Body Hygiene;Body Hygiene : Syndets;non
VICHYmineral 89 - 72h moisture boosting cream fresh;VICHY;mineral 89 - 72h moisture boosting cream fresh;86;Face Care;Face Care : Anti-Aging;non
CAUDALIEsmooth & glow - oil elixir;CAUDALIE;smooth & glow - oil elixir;86;Body Care;Body Care : Body Moisturizer;non
L'ORÉAL PARISelsève - glycolic gloss - conditioner;L'ORÉAL PARIS;elsève - glycolic gloss - conditioner;85;Hair Care;Hair Care : Normal Hair;non
NUXEsuper serum 10 - the universal concentrate;NUXE;super serum 10 - the universal concentrate;84;Face Care;Face Care : Anti-Aging;non
NUXEhuile prodigieuse - dry oil;NUXE;huile prodigieuse - dry oil;83;Body Care;Body Care : Body Moisturizer;non
CAUDALIEgentle buffing cream;CAUDALIE;gentle buffing cream;83;Body Care;Body Care : Scrubs;non
ADERMAepitheliale ultra repair - ha plus repairing cream;ADERMA;epitheliale ultra repair - ha plus repairing cream;82;Healing Care;Healing Care : Skin Repair;oui
KLORANEquinine & edelweiss - strengthening shampoo;KLORANE;quinine & edelweiss - strengthening shampoo;82;Hair Care;Hair Care : Anti Hair Loss;oui
L'ORÉAL PARISage perfect - duo serum;L'ORÉAL PARIS;age perfect - duo serum;81;Face Care;Face Care : Anti-Aging;non
SOL DE JANEIROdelicia drench - set;SOL DE JANEIRO;delicia drench - set;80;Other;Other : Fragrances;non
SOL DE JANEIROrio radiance - perfume mist;SOL DE JANEIRO;rio radiance - perfume mist;79;Other;Other : Fragrances;non
CAUDALIEresveratrol lift - lightweight firming cashmere cream;CAUDALIE;resveratrol lift - lightweight firming cashmere cream;76;Face Care;Face Care : Anti-Aging;non
SOL DE JANEIRObeija flor - elasti-cream;SOL DE JANEIRO;beija flor - elasti-cream;76;Body Care;Body Care : Firming care;non
CAUDALIEvinotherapist - foot beauty cream;CAUDALIE;vinotherapist - foot beauty cream;75;Other;Other : Foot Care;non
KERASTASEchronologiste - masque intense régénérant;KERASTASE;chronologiste - masque intense régénérant;74;Hair Care;Hair Care : Damaged Hair;non
LES SECRETS DE LOLYboost curl - hair jelly;LES SECRETS DE LOLY;boost curl - hair jelly;74;Hair Care;Hair Care : Styling Products;non
CAUDALIEthé des vignes - hand and nail cream;CAUDALIE;thé des vignes - hand and nail cream;71;Lips / Hands Care;Lips / Hands : Hand care;non
CAUDALIErose de vigne - shower gel;CAUDALIE;rose de vigne - shower gel;71;Body Hygiene;Body Hygiene : Syndets;non
CAUDALIEdark spot brightening - set;CAUDALIE;dark spot brightening - set;71;Body Care;Body : Depigmentation;non
EUCERINsun protection - hydro protect ultra light fluid spf 50;EUCERIN;sun protection - hydro protect ultra light fluid spf 50;70;Sun Care;Sun Care : Sun protection;non
KERASTASEgloss absolu - insta glaze - gloss enhancing conditioner;KERASTASE;gloss absolu - insta glaze - gloss enhancing conditioner;70;Hair Care;Hair Care : Normal Hair;non
AVÈNEcicalfate plus - repairing protective cream;AVÈNE;cicalfate plus - repairing protective cream;70;Healing Care;Healing Care : Skin Repair;oui
NUXEeclat prodigieux - tinted cream;NUXE;eclat prodigieux - tinted cream;69;Make-up;Make-up : Face;non
CAUDALIEvinosun protect - sun water spf 50;CAUDALIE;vinosun protect - sun water spf 50;69;Sun Care;Sun Care : Sun protection;non
ARTHRODONTexpert - irritated gums toothpaste;ARTHRODONT;expert - irritated gums toothpaste;69;Toothpaste;Toothpaste total;non
CAUDALIEvinosun protect - spray spf 50;CAUDALIE;vinosun protect - spray spf 50;68;Sun Care;Sun Care : Sun protection;non
CAUDALIEvinotherapist - body lotion;CAUDALIE;vinotherapist - body lotion;68;Body Care;Body Care : Body Moisturizer;non
CAUDALIEvinoperfect - dark spot correcting hand cream;CAUDALIE;vinoperfect - dark spot correcting hand cream;67;Lips / Hands Care;Lips / Hands : Hand care;non
VICHYliftactiv collagen specialist 16 - glow boosting gel;VICHY;liftactiv collagen specialist 16 - glow boosting gel;67;Face Care;Face Care : Anti-Aging;non
ADERMAexomega control - emollient night cream;ADERMA;exomega control - emollient night cream;66;Body Care;Body Care : Body Moisturizer;oui
KERASTASEnutritive - nectar thermique - nourishing milk;KERASTASE;nutritive - nectar thermique - nourishing milk;65;Hair Care;Hair Care : Dry Hair;non
CAUDALIEvinergetic c - instant detox face mask;CAUDALIE;vinergetic c - instant detox face mask;65;Face Care;Face Care : Moisturisers;non
CAUDALIEvinopure - purifying gel cleanser;CAUDALIE;vinopure - purifying gel cleanser;64;Face Care;Face Care : Acne Treatments;non
CAUDALIElip conditioner;CAUDALIE;lip conditioner;64;Lips / Hands Care;Lips / Hands : Lip care;non
EUCERINsun protection - oil control - sun spray spf 50;EUCERIN;sun protection - oil control - sun spray spf 50;63;Face Care;Face Care : Acne Treatments;non
ELGYDIUManti-plaque - toothpaste;ELGYDIUM;anti-plaque - toothpaste;63;Toothpaste;Toothpaste total;non
LA ROCHE POSAYanthelios uv air - vitamin sun stick spf 50;LA ROCHE POSAY;anthelios uv air - vitamin sun stick spf 50;63;Sun Care;Sun Care : Sun protection;non
NUXEhair prodigieux - high shine shampoo;NUXE;hair prodigieux - high shine shampoo;61;Hair Care;Hair Care : Dry Hair;non
KERASTASEnutritive - bain satin 1 - shampoo;KERASTASE;nutritive - bain satin 1 - shampoo;61;Hair Care;Hair Care : Dry Hair;non
KERASTASEpremiere - decalcifying repairing shampoo;KERASTASE;premiere - decalcifying repairing shampoo;61;Hair Care;Hair Care : Damaged Hair;non
KLORANEquinine - growth accelerating shampoo;KLORANE;quinine - growth accelerating shampoo;60;Hair Care;Hair Care : Anti Hair Loss;non
CAUDALIEeau des vignes - shower gel;CAUDALIE;eau des vignes - shower gel;60;Body Hygiene;Body Hygiene : Syndets;non
L'ORÉAL PROFESSIONNELabsolut repair - molecular - bi phase oil;L'ORÉAL PROFESSIONNEL;absolut repair - molecular - bi phase oil;60;Hair Care;Hair Care : Damaged Hair;non
KERASTASEdensifique - bain densité - bodifying shampoo;KERASTASE;densifique - bain densité - bodifying shampoo;60;Hair Care;Hair Care : Anti Hair Loss;non
OLAPLEXthe instant hydration - set;OLAPLEX;the instant hydration - set;60;Marques coiffeurs;Coif : Hair Care;non
ADERMAexomega control - emollient solar cream spf 50;ADERMA;exomega control - emollient solar cream spf 50;60;Sun Care;Sun Care : Sun protection;non
ADERMAdermalibour plus - repairing cica-cream;ADERMA;dermalibour plus - repairing cica-cream;59;Healing Care;Healing Care : Skin Repair;oui
VICHYcapital soleil - uv aqua invisible spray spf 50;VICHY;capital soleil - uv aqua invisible spray spf 50;59;;;
CAUDALIEvinocrush - bronzing powder;CAUDALIE;vinocrush - bronzing powder;59;Make-up;Make-up : Face;non
RENÉ FURTERERtriphasic active grow - growth accelerator serum;RENÉ FURTERER;triphasic active grow - growth accelerator serum;58;Hair Care;Hair Care : Anti Hair Loss;oui
KLORANEquinine - growth accelerating conditioner;KLORANE;quinine - growth accelerating conditioner;58;Hair Care;Hair Care : Anti Hair Loss;non
MOROCCAN OILmoroccanoil - original treatment oil;MOROCCAN OIL;moroccanoil - original treatment oil;58;Hair Care;Hair Care : Dry Hair;non
KERASTASEresistance - therapiste - serum;KERASTASE;resistance - therapiste - serum;58;Hair Care;Hair Care : Damaged Hair;non
OLAPLEXno.5 bond maintenance - conditioner;OLAPLEX;no.5 bond maintenance - conditioner;57;Hair Care;Hair Care : Damaged Hair;non
VICHYcapital soleil - uv aqua invisible stick spf 50;VICHY;capital soleil - uv aqua invisible stick spf 50;55;Sun Care;Sun Care : Sun protection;non
KERASTASEgenesis - fondant renforcateur - conditioner;KERASTASE;genesis - fondant renforcateur - conditioner;55;Hair Care;Hair Care : Anti Hair Loss;non
KLORANEquinine - growth accelerating serum;KLORANE;quinine - growth accelerating serum;54;Hair Care;Hair Care : Anti Hair Loss;non
SOL DE JANEIRObom dia - set;SOL DE JANEIRO;bom dia - set;54;Body Care;Body : Depigmentation;non
VICHYmen - clinical control - detranspirant deo 96hr;VICHY;men - clinical control - detranspirant deo 96hr;54;Body Hygiene;Body Hygiene : Deodorants;non
RENÉ FURTERERtriphasic caps - anti hair loss treatment;RENÉ FURTERER;triphasic caps - anti hair loss treatment;53;Hair Care;Hair Care : Anti Hair Loss;oui
KERASTASEblond absolu - bain ultra-violet - purple shampoo;KERASTASE;blond absolu - bain ultra-violet - purple shampoo;53;Hair Care;Hair Care : Damaged Hair;non
SOL DE JANEIRObrazilian kiss - cupuacu lip butter;SOL DE JANEIRO;brazilian kiss - cupuacu lip butter;53;Lips / Hands Care;Lips / Hands : Lip care;non
ARTHRODONTclassic - soothing toothpaste;ARTHRODONT;classic - soothing toothpaste;53;Toothpaste;Toothpaste total;non
AVÈNEhyaluron activ b3 - cell renewal cream;AVÈNE;hyaluron activ b3 - cell renewal cream;53;Face Care;Face Care : Anti-Aging;oui
SVRsebiaclear - gel flash;SVR;sebiaclear - gel flash;53;Face Care;Face Care : Acne Treatments;non
SOL DE JANEIROcheirosa 76 - perfume mist;SOL DE JANEIRO;cheirosa 76 - perfume mist;52;Other;Other : Fragrances;non
KLORANEquinine & edelweiss - strengthening & revitalizing conditioner;KLORANE;quinine & edelweiss - strengthening & revitalizing conditioner;51;Hair Care;Hair Care : Anti Hair Loss;non
AVÈNExeracalm a.d - balm;AVÈNE;xeracalm a.d - balm;50;Body Care;Body Care : Body Moisturizer;non
SOL DE JANEIROdelicia drench - body butter;SOL DE JANEIRO;delicia drench - body butter;50;Body Care;Body Care : Body Moisturizer;non
L'ORÉAL PROFESSIONNELmetal detox - anti-deposit protector mask;L'ORÉAL PROFESSIONNEL;metal detox - anti-deposit protector mask;49;Marques coiffeurs;Coif : Hair Care;non
SOL DE JANEIRObom dia rio deo - deo stick;SOL DE JANEIRO;bom dia rio deo - deo stick;49;Body Hygiene;Body Hygiene : Deodorants;non
CAUDALIEange des vignes - edp;CAUDALIE;ange des vignes - edp;49;Other;Other : Fragrances;non
INAVAmono compact - interdental brush;INAVA;mono compact - interdental brush;48;Brush;Brush : Interdental;non
NEUTROGENAcollagen bank - reviving eye gel cream;NEUTROGENA;collagen bank - reviving eye gel cream;48;Face Care;Face Care : Anti-Aging;non
OLAPLEXno.6 bond smoother - leave-in styling treatment;OLAPLEX;no.6 bond smoother - leave-in styling treatment;47;Hair Care;Hair Care : Damaged Hair;non
KLORANEbaby calendula - protective baby powder;KLORANE;baby calendula - protective baby powder;47;Baby Care;Baby Care : Diaper Rash Creams;non
ADERMAexomega - calming gel cream;ADERMA;exomega - calming gel cream;47;Face Care;Face Care : Soothing and Anti-redness;oui
KERASTASEchronologiste - bain régénérant - revitalizing shampoo;KERASTASE;chronologiste - bain régénérant - revitalizing shampoo;46;Hair Care;Hair Care : Damaged Hair;non
CAUDALIEthé des vignes - body lotion;CAUDALIE;thé des vignes - body lotion;46;Body Care;Body Care : Body Moisturizer;non
CAUDALIEvinoclean - cleansing almond milk;CAUDALIE;vinoclean - cleansing almond milk;46;Face Care;Face Care : Cleansers & make-up removers;non
KLORANEbaby calendula - gentle cleansing wipes;KLORANE;baby calendula - gentle cleansing wipes;46;Baby Care;Baby Care : Wipes;non
NEUTROGENAultra sheer - invisible fluid sunscreen spf 30;NEUTROGENA;ultra sheer - invisible fluid sunscreen spf 30;45;Sun Care;Sun Care : Sun protection;non
KLORANEgalangal - anti-dandruff rebalancing shampoo;KLORANE;galangal - anti-dandruff rebalancing shampoo;45;Hair Care;Hair Care : Anti-dandruff;non
CAUDALIEvinoclean - micellar cleansing water;CAUDALIE;vinoclean - micellar cleansing water;45;Face Care;Face Care : Cleansers & make-up removers;non
ELGYDIUMmulti-action - toothpaste;ELGYDIUM;multi-action - toothpaste;44;Toothpaste;Toothpaste total;non
NEUTROGENAcollagen bank - moisturizer;NEUTROGENA;collagen bank - moisturizer;44;Face Care;Face Care : Anti-Aging;non
KLORANEprickly pear - plumping mask;KLORANE;prickly pear - plumping mask;44;Hair Care;Hair Care : Dry Hair;oui
KERASTASEgloss absolu - anti-frizz glaze milk;KERASTASE;gloss absolu - anti-frizz glaze milk;43;Hair Care;Hair Care : Normal Hair;non
CERAVEmoisturizing - cream;CERAVE;moisturizing - cream;43;Body Care;Body Care : Body Moisturizer;non
DUCRAYkelual ds - anti-dandruff shampoo;DUCRAY;kelual ds - anti-dandruff shampoo;43;Healing Care;Healing Care : Seborrheic Dermatitis;oui
OLAPLEXweightless nourishing - mask;OLAPLEX;weightless nourishing - mask;43;Hair Care;Hair Care : Dry Hair;non
AVÈNEinvisible - sun protection spray spf 50;AVÈNE;invisible - sun protection spray spf 50;43;Sun Care;Sun Care : Sun protection;non
SVRtopialyse - cleansing oil;SVR;topialyse - cleansing oil;42;Body Hygiene;Body Hygiene : Syndets;non
OLAPLEXrich hydration - mask;OLAPLEX;rich hydration - mask;42;Marques coiffeurs;Coif : Hair Care;non
NEUTROGENAcollagen bank - moisturizer spf 30;NEUTROGENA;collagen bank - moisturizer spf 30;42;Face Care;Face Care : Anti-Aging;non
SOL DE JANEIRObody badalada - moisturizing lotion;SOL DE JANEIRO;body badalada - moisturizing lotion;42;Body Care;Body Care : Body Moisturizer;non
L'ORÉAL PARISage perfect - cleansing milk;L'ORÉAL PARIS;age perfect - cleansing milk;42;Face Care;Face Care : Anti-Aging;non
CAUDALIEfleur de vigne - fresh fragrance;CAUDALIE;fleur de vigne - fresh fragrance;42;Other;Other : Fragrances;non
KLORANEbaby calendula - detangling shampoo;KLORANE;baby calendula - detangling shampoo;41;Baby Care;Baby Care : Shampoos;non
CAUDALIEvinosun protect - face cream spf 50;CAUDALIE;vinosun protect - face cream spf 50;41;Sun Care;Sun Care : Sun protection;non
ADERMAexomega control - emollient cream;ADERMA;exomega control - emollient cream;41;Body Care;Body Care : Body Moisturizer;oui
OLAPLEXsmooth your style - set;OLAPLEX;smooth your style - set;41;Hair Care;Hair Care : Damaged Hair;non
KERASTASEresistance - bain force architecte - strengthening shampoo;KERASTASE;resistance - bain force architecte - strengthening shampoo;41;Hair Care;Hair Care : Damaged Hair;non
NUXEnuxuriance ultra - replenishing night cream;NUXE;nuxuriance ultra - replenishing night cream;41;Face Care;Face Care : Anti-Aging;non
CAUDALIEvinotherapist - lip balm;CAUDALIE;vinotherapist - lip balm;41;Lips / Hands Care;Lips / Hands : Lip care;non
SVRsun secure - blur mousse cream spf 50;SVR;sun secure - blur mousse cream spf 50;41;Sun Care;Sun Care : Sun protection;non
KERASTASEnutritive - bain satin riche - shampoo;KERASTASE;nutritive - bain satin riche - shampoo;40;Hair Care;Hair Care : Dry Hair;non
CAUDALIEsoleil des vignes - shower gel;CAUDALIE;soleil des vignes - shower gel;40;Body Hygiene;Body Hygiene : Syndets;non
KERASTASEresistance - ciment thermique - strengthening milk;KERASTASE;resistance - ciment thermique - strengthening milk;40;Hair Care;Hair Care : Damaged Hair;non
AVÈNEthermal spring water - spray;AVÈNE;thermal spring water - spray;40;Face Care;Face Care : Thermal Spring Waters;oui
KERASTASEfresh affair - refreshing dry shampoo;KERASTASE;fresh affair - refreshing dry shampoo;39;Hair Care;Hair Care : Greasy Hair;non
CAUDALIEvinoperfect - brightening micropeel foam;CAUDALIE;vinoperfect - brightening micropeel foam;39;Face Care;Face Care : Depigmentation;non
KLORANEquinine & edelweiss - anti-hair loss serum;KLORANE;quinine & edelweiss - anti-hair loss serum;39;Hair Care;Hair Care : Anti Hair Loss;oui
KLORANEpeony - soothing & anti-irritating shampoo;KLORANE;peony - soothing & anti-irritating shampoo;39;Hair Care;Hair Care : Sensitive Hair;oui
AVÈNEhydrance bb light - tinted hydrating emulsion spf 30;AVÈNE;hydrance bb light - tinted hydrating emulsion spf 30;39;Face Care;Face Care : Moisturisers;non
KLORANEbaby calendula - cleansing water;KLORANE;baby calendula - cleansing water;38;Baby Care;Baby Care : Toilet Water;non
SOL DE JANEIRObom dia - bright cream;SOL DE JANEIRO;bom dia - bright cream;38;Body Care;Body : Depigmentation;non
AVÈNEhyaluron activ b3 - multi-intensive night cream;AVÈNE;hyaluron activ b3 - multi-intensive night cream;38;Face Care;Face Care : Anti-Aging;non
SOL DE JANEIROglowmotions - copacabana bronze - glow body oil;SOL DE JANEIRO;glowmotions - copacabana bronze - glow body oil;38;Body Care;Body Care : Body Moisturizer;non
KLORANEkeratincaps - capsules;KLORANE;keratincaps - capsules;38;Hair Care;Hair Care : Anti Hair Loss;non
DUCRAYkeracnyl - pp anti-blemish cream;DUCRAY;keracnyl - pp anti-blemish cream;37;Face Care;Face Care : Acne Treatments;oui
OLAPLEXno.3 - hair perfector;OLAPLEX;no.3 - hair perfector;37;Hair Care;Hair Care : Damaged Hair;non
KLORANEprickly pear - quenching conditioner;KLORANE;prickly pear - quenching conditioner;37;Hair Care;Hair Care : Dry Hair;oui
CAUDALIEange des vignes - shower gel;CAUDALIE;ange des vignes - shower gel;37;Body Hygiene;Body Hygiene : Syndets;non
CAUDALIErose de vigne - fresh fragrance;CAUDALIE;rose de vigne - fresh fragrance;37;Other;Other : Fragrances;non
SOL DE JANEIRObody badalada - vitamin-infused lotion;SOL DE JANEIRO;body badalada - vitamin-infused lotion;36;Body Care;Body Care : Body Moisturizer;non
CAUDALIEeau des vignes - fresh fragance;CAUDALIE;eau des vignes - fresh fragance;36;Other;Other : Fragrances;non
KLORANEpeony - soothing & anti-irritating sos serum;KLORANE;peony - soothing & anti-irritating sos serum;36;Hair Care;Hair Care : Sensitive Hair;non
RENÉ FURTERERtriphasic active grow - growth activator shampoo;RENÉ FURTERER;triphasic active grow - growth activator shampoo;36;Hair Care;Hair Care : Anti Hair Loss;oui
LA ROCHE POSAYcicaplast b5 - soothing repairing balm;LA ROCHE POSAY;cicaplast b5 - soothing repairing balm;36;Healing Care;Healing Care : Skin Repair;non
KERASTASEdensifique - fondant densité - bodifying care;KERASTASE;densifique - fondant densité - bodifying care;36;Hair Care;Hair Care : Anti Hair Loss;non
AVÈNEultra serum - hydrating serum spf 50;AVÈNE;ultra serum - hydrating serum spf 50;35;Sun Care;Sun Care : Sun protection;oui
BIODERMAcrealine sensibio ar - anti-redness cream;BIODERMA;crealine sensibio ar - anti-redness cream;35;Face Care;Face Care : Soothing and Anti-redness;non
PHYTOphytophanere - dietary supplement;PHYTO;phytophanere - dietary supplement;35;Hair Care;Hair Care : Supplements;non
AVÈNEultra serum - plumping serum spf 50;AVÈNE;ultra serum - plumping serum spf 50;35;Sun Care;Sun Care : Sun protection;oui
LA ROCHE POSAYanthelios uv sport - sunscreen stick spf 50;LA ROCHE POSAY;anthelios uv sport - sunscreen stick spf 50;35;Sun Care;Sun Care : Sun protection;non
KLORANEgalangal - anti-dandruff anti-itching treatment;KLORANE;galangal - anti-dandruff anti-itching treatment;34;Hair Care;Hair Care : Anti-dandruff;non
KLORANEnettle - oil control dry shampoo;KLORANE;nettle - oil control dry shampoo;34;Hair Care;Hair Care : Dry Shampoos;oui
AVÈNEultra stick - sunscreen stick spf 50;AVÈNE;ultra stick - sunscreen stick spf 50;34;Sun Care;Sun Care : Sun protection;oui
KERASTASEnutritive - lait vital - nutrition care;KERASTASE;nutritive - lait vital - nutrition care;33;Hair Care;Hair Care : Dry Hair;non
AVÈNEcleanance - cleansing gel;AVÈNE;cleanance - cleansing gel;33;Face Care;Face Care : Acne Treatments;oui
RENÉ FURTERERtriphasic progressive - hair loss treatment;RENÉ FURTERER;triphasic progressive - hair loss treatment;33;Hair Care;Hair Care : Anti Hair Loss;non
NEUTROGENAultra sheer - face mist sunscreen spf 50;NEUTROGENA;ultra sheer - face mist sunscreen spf 50;33;Sun Care;Sun Care : Sun protection;non
CAUDALIEvinoperfect - dark spot niacinamide day moisturizer;CAUDALIE;vinoperfect - dark spot niacinamide day moisturizer;33;Face Care;Face Care : Depigmentation;non
KERASTASEgloss absolu - hair perfume;KERASTASE;gloss absolu - hair perfume;33;Hair Care;Hair Care : Normal Hair;non
CAUDALIEpremier cru - set;CAUDALIE;premier cru - set;33;Face Care;Face Care : Anti-Aging;non
AVÈNEcicalfate lips - repair balm;AVÈNE;cicalfate lips - repair balm;33;Healing Care;Healing Care : Skin Repair;non
KERASTASEresistance - bain extentioniste - shampoo;KERASTASE;resistance - bain extentioniste - shampoo;32;Hair Care;Hair Care : Damaged Hair;non
OLAPLEXno.4 fine bond maintenance - shampoo;OLAPLEX;no.4 fine bond maintenance - shampoo;32;Hair Care;Hair Care : Damaged Hair;non
OLAPLEXno.9 bond protector - nourishing hair serum;OLAPLEX;no.9 bond protector - nourishing hair serum;32;Hair Care;Hair Care : Damaged Hair;non
SVRspirial - deo-douche;SVR;spirial - deo-douche;32;Body Hygiene;Body Hygiene : Deodorants;non
SOL DE JANEIRObrazilian bum bum - cream;SOL DE JANEIRO;brazilian bum bum - cream;32;Body Care;Body Care : Firming care;non
AVÈNEhydrance - aqua gel cream;AVÈNE;hydrance - aqua gel cream;31;Face Care;Face Care : Moisturisers;non
CAUDALIEresveratrol lift - set;CAUDALIE;resveratrol lift - set;31;Face Care;Face Care : Anti-Aging;non
LES SECRETS DE LOLYperfect clean - shampoo;LES SECRETS DE LOLY;perfect clean - shampoo;31;Hair Care;Hair Care : Dry Hair;non
ADERMAcutalgan - fresh effect roll on;ADERMA;cutalgan - fresh effect roll on;30;Healing Care;Healing Care : Skin Repair;oui
AVÈNEultra serum - glow serum spf 50;AVÈNE;ultra serum - glow serum spf 50;30;Sun Care;Sun Care : Sun protection;oui
AVÈNEcicalfate plus - multi-protective skin repair cream spf 50;AVÈNE;cicalfate plus - multi-protective skin repair cream spf 50;30;Healing Care;Healing Care : Skin Repair;oui
KLORANEbaby calendula - gentle cleansing gel;KLORANE;baby calendula - gentle cleansing gel;30;Baby Care;Baby Care : Diaper Rash Creams;non
LES SECRETS DE LOLYpink paradise - conditioner;LES SECRETS DE LOLY;pink paradise - conditioner;30;Hair Care;Hair Care : Dry Hair;non
ELUDAYprotect - daily mouthwash;ELUDAY;protect - daily mouthwash;30;Mouthwash;Mouthwash total;non
SVRsun secure - photo-age fluid spf 50;SVR;sun secure - photo-age fluid spf 50;29;Face Care;Face Care : Anti-Aging;non
L'ORÉAL PROFESSIONNELabsolut repair - molecular - mask;L'ORÉAL PROFESSIONNEL;absolut repair - molecular - mask;29;Hair Care;Hair Care : Damaged Hair;non
KERASTASEcurl manifesto - bain hydratation douceur - shampoo;KERASTASE;curl manifesto - bain hydratation douceur - shampoo;29;Hair Care;Hair Care : Dry Hair;non
KLORANEprickly pear - quenching shampoo;KLORANE;prickly pear - quenching shampoo;29;Hair Care;Hair Care : Dry Hair;oui
KLORANEquinine - anti hair loss treatment;KLORANE;quinine - anti hair loss treatment;28;Hair Care;Hair Care : Anti Hair Loss;oui
KERASTASEchroma absolu - chroma filler - mask;KERASTASE;chroma absolu - chroma filler - mask;28;Hair Care;Hair Care : Colored Hair;non
CERAVEhydrating - cleanser;CERAVE;hydrating - cleanser;28;Face Care;Face Care : Cleansers & make-up removers;non
ADERMAexomega - calming eyelid balm;ADERMA;exomega - calming eyelid balm;28;Face Care;Face Care : Soothing and Anti-redness;oui
NUXEthe iconics - set;NUXE;the iconics - set;28;Other;Other : Other products;non
BIODERMAcrealine sensibio h2o - micellar water;BIODERMA;crealine sensibio h2o - micellar water;28;Face Care;Face Care : Cleansers & make-up removers;non
SVRb3 - ampoule hydra - repairing concentrate;SVR;b3 - ampoule hydra - repairing concentrate;27;Face Care;Face Care : Moisturisers;non
CERAVEfoaming - face cleanser;CERAVE;foaming - face cleanser;27;Face Care;Face Care : Cleansers & make-up removers;non
L'ORÉAL PARISelsève - extraordinary oil - hair oil;L'ORÉAL PARIS;elsève - extraordinary oil - hair oil;27;GMS;GMS : Hair Care;non
NUXEnuxuriance ultra - the exceptional day & night cream;NUXE;nuxuriance ultra - the exceptional day & night cream;27;Face Care;Face Care : Anti-Aging;non
AVÈNEhyaluron activ b3 - concentrated plumping serum;AVÈNE;hyaluron activ b3 - concentrated plumping serum;27;Face Care;Face Care : Anti-Aging;non
LES SECRETS DE LOLYkurl nectar - leave-in primer;LES SECRETS DE LOLY;kurl nectar - leave-in primer;26;Hair Care;Hair Care : Dry Hair;non
CAUDALIEfleur de vigne - shower gel;CAUDALIE;fleur de vigne - shower gel;26;Body Hygiene;Body Hygiene : Syndets;non
KERASTASEchronologiste - thermique régénérant - blow-dry care;KERASTASE;chronologiste - thermique régénérant - blow-dry care;26;Hair Care;Hair Care : Damaged Hair;non
RENÉ FURTERERtriphasic reactional - hair loss treatment;RENÉ FURTERER;triphasic reactional - hair loss treatment;26;Hair Care;Hair Care : Anti Hair Loss;oui
VICHYclinical control - detranspirant deo 96hr;VICHY;clinical control - detranspirant deo 96hr;25;Body Hygiene;Body Hygiene : Deodorants;non
OLAPLEXno.5l - leave in conditioner;OLAPLEX;no.5l - leave in conditioner;25;Hair Care;Hair Care : Damaged Hair;non
KERASTASEresistance - force architecte - mask;KERASTASE;resistance - force architecte - mask;25;Hair Care;Hair Care : Damaged Hair;non
ADERMAexomega - calming cleansing gel;ADERMA;exomega - calming cleansing gel;25;Face Care;Face Care : Soothing and Anti-redness;oui
L'ORÉAL PARISrevitalift - glass skin liquid cream;L'ORÉAL PARIS;revitalift - glass skin liquid cream;25;Face Care;Face Care : Anti-Aging;non
SVRtopialyse - cleansing gel;SVR;topialyse - cleansing gel;25;Body Hygiene;Body Hygiene : Syndets;non
L'ORÉAL PARISelsève - hydra-hyaluronic - shampoo;L'ORÉAL PARIS;elsève - hydra-hyaluronic - shampoo;25;GMS;GMS : Hair Care;non
INAVApower - premium electric toothbrush;INAVA;power - premium electric toothbrush;25;Elec Toothbrush;Elec Toothbrush : Brush;non
DUCRAYkelual ds intensive - anti dandruff treatment shampoo;DUCRAY;kelual ds intensive - anti dandruff treatment shampoo;25;Healing Care;Healing Care : Seborrheic Dermatitis;oui
DUCRAYanaphase plus - anti-hair loss & growth shampoo;DUCRAY;anaphase plus - anti-hair loss & growth shampoo;25;Hair Care;Hair Care : Anti Hair Loss;oui
KERASTASEcurl manifesto - crème de jour fondamentale - leave-in treatment;KERASTASE;curl manifesto - crème de jour fondamentale - leave-in treatment;25;Hair Care;Hair Care : Dry Hair;non
CAUDALIEvinosun protect - after sun repairing lotion;CAUDALIE;vinosun protect - after sun repairing lotion;25;Sun Care;Sun Care : After Sun;non
KERASTASEchroma absolu - cica chroma - conditioner;KERASTASE;chroma absolu - cica chroma - conditioner;25;Hair Care;Hair Care : Colored Hair;non
KERASTASEresistance - therapiste - mask;KERASTASE;resistance - therapiste - mask;25;Hair Care;Hair Care : Damaged Hair;non
KERASTASEblond absolu - set;KERASTASE;blond absolu - set;25;Hair Care;Hair Care : Damaged Hair;non
DUCRAYneoptide expert - anti-hair loss and growth serum;DUCRAY;neoptide expert - anti-hair loss and growth serum;24;Hair Care;Hair Care : Anti Hair Loss;non
LA ROCHE POSAYhyalu b5 - serum;LA ROCHE POSAY;hyalu b5 - serum;24;Face Care;Face Care : Anti-Aging;non
NUXEmerveillance lift - concentrated night cream;NUXE;merveillance lift - concentrated night cream;24;Face Care;Face Care : Anti-Aging;non
NUXEsuper serum 10 - eye concentrate;NUXE;super serum 10 - eye concentrate;24;Face Care;Face Care : Anti-Aging;non
EUCERINsun protection - oil control - ultra light uv serum spf 50;EUCERIN;sun protection - oil control - ultra light uv serum spf 50;24;Face Care;Face Care : Acne Treatments;non
NUXEmerveillance lift - firming powdery cream;NUXE;merveillance lift - firming powdery cream;24;Face Care;Face Care : Anti-Aging;non
LA ROCHE POSAYlipikar ap plus m - triple-action balm;LA ROCHE POSAY;lipikar ap plus m - triple-action balm;24;Body Care;Body Care : Body Moisturizer;non
DUCRAYkelual squanorm - anti-dandruff regulating shampoo;DUCRAY;kelual squanorm - anti-dandruff regulating shampoo;24;Hair Care;Hair Care : Anti-dandruff;non
KERASTASEblond absolu - ultra-violet mask;KERASTASE;blond absolu - ultra-violet mask;24;Hair Care;Hair Care : Damaged Hair;non
CERAVEacne control - cleanser;CERAVE;acne control - cleanser;24;Face Care;Face Care : Acne Treatments;non
KERASTASEdiscipline - bain fluidéaliste gentle - shampoo;KERASTASE;discipline - bain fluidéaliste gentle - shampoo;24;Hair Care;Hair Care : Damaged Hair;non
NUXEsun - milky oil for hair;NUXE;sun - milky oil for hair;23;Hair Care;Hair Care : Sun Care;non
LES SECRETS DE LOLYbubble dream - shampoo;LES SECRETS DE LOLY;bubble dream - shampoo;23;Hair Care;Hair Care : Dry Hair;non
SVRsensifine - double cleansing balm;SVR;sensifine - double cleansing balm;23;Face Care;Face Care : Cleansers & make-up removers;non
CAUDALIEvinoperfect - brightening glycolic night cream;CAUDALIE;vinoperfect - brightening glycolic night cream;23;Face Care;Face Care : Depigmentation;non
L'ORÉAL PARISinfaillible -  3 second setting mist;L'ORÉAL PARIS;infaillible -  3 second setting mist;23;GMS;GMS : Skin Care;non
NUXEsun - delicious fragrant water;NUXE;sun - delicious fragrant water;23;Other;Other : Fragrances;non
RENÉ FURTERERtriphasic active grow - strengthening mask;RENÉ FURTERER;triphasic active grow - strengthening mask;23;Hair Care;Hair Care : Anti Hair Loss;oui
LA ROCHE POSAYlipikar ap plus max - triple-action balm;LA ROCHE POSAY;lipikar ap plus max - triple-action balm;23;Body Care;Body Care : Body Moisturizer;non
KERASTASEblond absolu - cicaplasme serum;KERASTASE;blond absolu - cicaplasme serum;23;Hair Care;Hair Care : Damaged Hair;non
SVRsensifine ar - anti redness - cream;SVR;sensifine ar - anti redness - cream;23;Face Care;Face Care : Soothing and Anti-redness;non
CAUDALIEgrape water;CAUDALIE;grape water;23;Face Care;Face Care : Cleansers & make-up removers;non
SOL DE JANEIROdelicia drench - shower oil;SOL DE JANEIRO;delicia drench - shower oil;23;Body Hygiene;Body Hygiene : Body Wash;non
CERAVEeye repair - eye cream;CERAVE;eye repair - eye cream;23;Face Care;Face Care : Other Face Care Products;non
AVÈNEhydrance bb rich - tinted hydrating cream spf 30;AVÈNE;hydrance bb rich - tinted hydrating cream spf 30;23;Face Care;Face Care : Nourishing;non
NEUTROGENAhydro boost - gel cream;NEUTROGENA;hydro boost - gel cream;23;Face Care;Face Care : Moisturisers;non
ADERMAepitheliale a.h ultra - anti marks repairing cream spf 50;ADERMA;epitheliale a.h ultra - anti marks repairing cream spf 50;23;Healing Care;Healing Care : Skin Repair;non
AVÈNExeracalm nutrition - moisturizing balm;AVÈNE;xeracalm nutrition - moisturizing balm;22;Body Care;Body Care : Body Moisturizer;non
VICHYcapital soleil - uv aqua invisible fluid spf 50;VICHY;capital soleil - uv aqua invisible fluid spf 50;22;Sun Care;Sun Care : Sun protection;non
NUXEzinc power - blemish & spot control serum;NUXE;zinc power - blemish & spot control serum;22;Face Care;Face Care : Acne Treatments;non
OLAPLEXno.4p blond enhancer - toning shampoo;OLAPLEX;no.4p blond enhancer - toning shampoo;22;Hair Care;Hair Care : Damaged Hair;non
SVRsun secure - dry touch fluid spf 50;SVR;sun secure - dry touch fluid spf 50;22;Sun Care;Sun Care : Sun protection;non
SVRsebiaclear - foaming gel;SVR;sebiaclear - foaming gel;22;Face Care;Face Care : Acne Treatments;non
AVÈNEhydrance - light emulsion;AVÈNE;hydrance - light emulsion;22;Face Care;Face Care : Moisturisers;oui
RENÉ FURTERERtriphasic caps - length treatment;RENÉ FURTERER;triphasic caps - length treatment;22;Hair Care;Hair Care : Anti Hair Loss;oui
L'ORÉAL PROFESSIONNELabsolut repair - molecular - shampoo;L'ORÉAL PROFESSIONNEL;absolut repair - molecular - shampoo;22;Hair Care;Hair Care : Damaged Hair;non
KERASTASEchroma absolu - bain chroma respect - shampoo;KERASTASE;chroma absolu - bain chroma respect - shampoo;22;Hair Care;Hair Care : Colored Hair;non
ARTHRODONTprotect - toothpaste gel;ARTHRODONT;protect - toothpaste gel;22;Toothpaste;Toothpaste total;non
LES SECRETS DE LOLYperfect match - shampoo;LES SECRETS DE LOLY;perfect match - shampoo;21;Hair Care;Hair Care : Dry Hair;non
AVÈNEcleanance hydra - soothing cream;AVÈNE;cleanance hydra - soothing cream;21;Face Care;Face Care : Acne Treatments;non
AVÈNEcleanance hydra - soothing cleansing cream;AVÈNE;cleanance hydra - soothing cleansing cream;21;Face Care;Face Care : Acne Treatments;non
NUXEzinc power - purifying & spot control toner;NUXE;zinc power - purifying & spot control toner;21;Face Care;Face Care : Acne Treatments;non
NUXEmerveillance lift - firming activating oil serum;NUXE;merveillance lift - firming activating oil serum;21;Face Care;Face Care : Anti-Aging;non
KERASTASEcurl manifesto - hydratation essentielle - conditioner;KERASTASE;curl manifesto - hydratation essentielle - conditioner;21;Hair Care;Hair Care : Dry Hair;non
SVRsun secure - invisible fresh spray spf 50;SVR;sun secure - invisible fresh spray spf 50;20;Sun Care;Sun Care : Sun protection;non
CAUDALIEvinotherapist - set;CAUDALIE;vinotherapist - set;20;Body Care;Body Care : Body Moisturizer;non
CAUDALIEvinosource hydra - sorbet cream;CAUDALIE;vinosource hydra - sorbet cream;20;Face Care;Face Care : Moisturisers;non
SVRampoule anti-ox - radiance concentrate;SVR;ampoule anti-ox - radiance concentrate;20;Face Care;Face Care : Anti-Aging;non
NEUTROGENAultra sheer - invisible fluid sunscreen spf 50;NEUTROGENA;ultra sheer - invisible fluid sunscreen spf 50;20;Sun Care;Sun Care : Sun protection;non
L'ORÉAL PROFESSIONNELmetal detox - professional shampoo;L'ORÉAL PROFESSIONNEL;metal detox - professional shampoo;19;Marques coiffeurs;Coif : Hair Care;non
AVÈNEhydrance - rich hydrating cream;AVÈNE;hydrance - rich hydrating cream;19;Face Care;Face Care : Nourishing;oui
PHYTOphyto 7 - nourishing day cream with 7 plants;PHYTO;phyto 7 - nourishing day cream with 7 plants;19;Hair Care;Hair Care : Dry Hair;non
PHYTOphytocolor - hair color;PHYTO;phytocolor - hair color;19;Hair Care;Hair Care : Colored Hair;non
AVÈNEsensitive skin - moisturizing self-tanner;AVÈNE;sensitive skin - moisturizing self-tanner;19;Sun Care;Sun Care : Self-tanning;non
RENÉ FURTERERtriphasic - anti-hair loss longevity shampoo;RENÉ FURTERER;triphasic - anti-hair loss longevity shampoo;19;Hair Care;Hair Care : Anti Hair Loss;oui
ELUDAYfresh - mouthwash;ELUDAY;fresh - mouthwash;19;Mouthwash;Mouthwash total;non
AVÈNEcleanance comedomed - intensive serum;AVÈNE;cleanance comedomed - intensive serum;19;Face Care;Face Care : Acne Treatments;oui
KERASTASEresistance - ciment anti-usure - strengthening cream;KERASTASE;resistance - ciment anti-usure - strengthening cream;18;Hair Care;Hair Care : Damaged Hair;non
KERASTASEblond absolu - cicanuit serum;KERASTASE;blond absolu - cicanuit serum;18;Hair Care;Hair Care : Damaged Hair;non
VICHYdercos collagen filler 17 - ultra repairing conditioner;VICHY;dercos collagen filler 17 - ultra repairing conditioner;18;Hair Care;Hair Care : Anti Hair Loss;non
SVRxerial 10 - body lotion;SVR;xerial 10 - body lotion;18;Body Care;Body Care : Body Moisturizer;non
AVÈNEhyaluron activ b3 - cell renewal aqua cream in gel;AVÈNE;hyaluron activ b3 - cell renewal aqua cream in gel;18;Face Care;Face Care : Anti-Aging;non
LES SECRETS DE LOLYcloud fusion - hair mousse;LES SECRETS DE LOLY;cloud fusion - hair mousse;18;Hair Care;Hair Care : Styling Products;non
NUXEmerveillance lift - eye lighter serum;NUXE;merveillance lift - eye lighter serum;18;Face Care;Face Care : Anti-Aging;non
SVRb3 - essence hydra - repairing solution;SVR;b3 - essence hydra - repairing solution;18;Face Care;Face Care : Anti-Aging;non
CAUDALIEvinohydra - set;CAUDALIE;vinohydra - set;18;Face Care;Face Care : Moisturisers;non
OLAPLEXno.0 intensive bond - hair treatment;OLAPLEX;no.0 intensive bond - hair treatment;18;Hair Care;Hair Care : Damaged Hair;non
OLAPLEXno.4c bond maintenance - clarifying shampoo;OLAPLEX;no.4c bond maintenance - clarifying shampoo;18;Hair Care;Hair Care : Damaged Hair;non
EUCERINanti-pigment - dual serum;EUCERIN;anti-pigment - dual serum;18;Face Care;Face Care : Depigmentation;non
SVRsensifine - masque;SVR;sensifine - masque;17;Face Care;Face Care : Cleansers & make-up removers;non
AVÈNEantirougeurs rosamed - chronic redness concentrate;AVÈNE;antirougeurs rosamed - chronic redness concentrate;17;Face Care;Face Care : Soothing and Anti-redness;non
AVÈNEhyaluron activ procedure - retinal lifting cream;AVÈNE;hyaluron activ procedure - retinal lifting cream;17;Face Care;Face Care : Anti-Aging;oui
AVÈNEcouvrance - compact foundation spf 30;AVÈNE;couvrance - compact foundation spf 30;17;Make-up;Make-up : Face;non
CAUDALIEthé des vignes - set;CAUDALIE;thé des vignes - set;17;Other;Other : Fragrances;non
AVÈNEvitamin activ cg - radiance corrector serum;AVÈNE;vitamin activ cg - radiance corrector serum;17;Face Care;Face Care : Anti-Aging;non
BIODERMAcrealine sensibio - micellar cleansing oil;BIODERMA;crealine sensibio - micellar cleansing oil;17;Face Care;Face Care : Cleansers & make-up removers;non
KLORANEcornflower - wake up call serum;KLORANE;cornflower - wake up call serum;17;Face Care;Face Care : Moisturisers;non
SVRsun secure - self tanning mousse;SVR;sun secure - self tanning mousse;17;Sun Care;Sun Care : Self-tanning;non
CAUDALIEsummer essentials - set;CAUDALIE;summer essentials - set;17;Face Care;Face Care : Moisturisers;non
NUXEnuxuriance ultra - eye & lip contour;NUXE;nuxuriance ultra - eye & lip contour;17;Face Care;Face Care : Anti-Aging;non
LA ROCHE POSAYlipikar ap plus - cleansing oil;LA ROCHE POSAY;lipikar ap plus - cleansing oil;17;Body Hygiene;Body Hygiene : Syndets;non
LA ROCHE POSAYtoleriane - dermo cleanser;LA ROCHE POSAY;toleriane - dermo cleanser;17;Face Care;Face Care : Cleansers & make-up removers;non
KERASTASEresistance - extentioniste - serum;KERASTASE;resistance - extentioniste - serum;16;Hair Care;Hair Care : Damaged Hair;non
KLORANEcornflower - smoothing & soothing eye patches;KLORANE;cornflower - smoothing & soothing eye patches;16;Face Care;Face Care : Other Face Care Products;non
BIODERMAatoderm - cleansing oil;BIODERMA;atoderm - cleansing oil;16;Body Hygiene;Body Hygiene : Syndets;non
KLORANEnettle - oil control tinted dry shampoo;KLORANE;nettle - oil control tinted dry shampoo;16;Hair Care;Hair Care : Dry Shampoos;non
SOL DE JANEIRObom dia bright - clarifying body wash;SOL DE JANEIRO;bom dia bright - clarifying body wash;16;Body Care;Body : Depigmentation;non
SVRsun secure - blur tinted mousse cream spf 50;SVR;sun secure - blur tinted mousse cream spf 50;16;Sun Care;Sun Care : Sun protection;non
NUXEnuxuriance ultra - anti aging serum;NUXE;nuxuriance ultra - anti aging serum;16;Face Care;Face Care : Anti-Aging;non
AVÈNEhyaluron activ procedure - tightening serum;AVÈNE;hyaluron activ procedure - tightening serum;16;Face Care;Face Care : Anti-Aging;non
AVÈNEsensitive skin - intense protect - sunscreen fluid spf 50 plus;AVÈNE;sensitive skin - intense protect - sunscreen fluid spf 50 plus;16;Sun Care;Sun Care : Sun protection;oui
CAUDALIEvinoclean - cleansing set;CAUDALIE;vinoclean - cleansing set;16;Face Care;Face Care : Cleansers & make-up removers;non
SVRsun secure - extreme ultra mat gel spf 50;SVR;sun secure - extreme ultra mat gel spf 50;16;Sun Care;Sun Care : Sun protection;non
LA ROCHE POSAYcicaplast lèvres - barrier repairing balm;LA ROCHE POSAY;cicaplast lèvres - barrier repairing balm;16;Healing Care;Healing Care : Skin Repair;non
BIODERMAcrealine sensibio - soothing micellar foaming gel;BIODERMA;crealine sensibio - soothing micellar foaming gel;15;Face Care;Face Care : Cleansers & make-up removers;non
SOL DE JANEIRObum bum body - firming oil;SOL DE JANEIRO;bum bum body - firming oil;15;Body Care;Body Care : Firming care;non
KERASTASEchroma absolu - chroma thermique - serum;KERASTASE;chroma absolu - chroma thermique - serum;15;Hair Care;Hair Care : Colored Hair;non
KERASTASEcurl manifesto - beurre haute nutrition - mask;KERASTASE;curl manifesto - beurre haute nutrition - mask;15;Hair Care;Hair Care : Dry Hair;non
KERASTASEcurl manifesto - gelée curl contour - defining gel-cream;KERASTASE;curl manifesto - gelée curl contour - defining gel-cream;15;Hair Care;Hair Care : Dry Hair;non
MOROCCAN OILhydration - conditioner;MOROCCAN OIL;hydration - conditioner;15;Hair Care;Hair Care : Dry Hair;non
KERASTASEspecifique - potentialiste serum;KERASTASE;specifique - potentialiste serum;15;Marques coiffeurs;Coif : Hair Care;non
AVÈNExeracalm a.d - concentrate;AVÈNE;xeracalm a.d - concentrate;15;Body Care;Body Care : Body Moisturizer;non
AVÈNExeracalm a.d - cream;AVÈNE;xeracalm a.d - cream;15;Body Care;Body Care : Body Moisturizer;non
KLORANEflax fiber - volume dry shampoo;KLORANE;flax fiber - volume dry shampoo;15;Hair Care;Hair Care : Dry Shampoos;non
LA ROCHE POSAYanthelios uvmune 400 - unscented invisible fluid spf 50 plus;LA ROCHE POSAY;anthelios uvmune 400 - unscented invisible fluid spf 50 plus;15;Sun Care;Sun Care : Sun protection;non
KERASTASEgloss absolu - set;KERASTASE;gloss absolu - set;15;Hair Care;Hair Care : Normal Hair;non
SVRtopialyse - ultra melting cream;SVR;topialyse - ultra melting cream;15;Body Care;Body Care : Body Moisturizer;non
KLORANEbaby calendula - nourishing cream with cold cream;KLORANE;baby calendula - nourishing cream with cold cream;15;Baby Care;Baby Care : Body And Face Creams;non
KLORANEbaby calendula - moisturizing cream;KLORANE;baby calendula - moisturizing cream;15;Baby Care;Baby Care : Body And Face Creams;non
KERASTASEpremiere - filler mask;KERASTASE;premiere - filler mask;15;Hair Care;Hair Care : Damaged Hair;non
LA ROCHE POSAYtoleriane dermallergo - cream;LA ROCHE POSAY;toleriane dermallergo - cream;15;Face Care;Face Care : Soothing and Anti-redness;non
SVRdensitium - eyes contour;SVR;densitium - eyes contour;15;Face Care;Face Care : Anti-Aging;non
EUCERINsun protection - oil control - gel cream spf 50;EUCERIN;sun protection - oil control - gel cream spf 50;15;Face Care;Face Care : Acne Treatments;non
AVÈNEcicalfate - repair cream;AVÈNE;cicalfate - repair cream;15;Healing Care;Healing Care : Skin Repair;non
SVRsebiaclear - ampoules flash;SVR;sebiaclear - ampoules flash;15;Face Care;Face Care : Acne Treatments;non
CERAVEmoisturizing - face lotion;CERAVE;moisturizing - face lotion;14;Face Care;Face Care : Moisturisers;non
KERASTASEgenesis - set;KERASTASE;genesis - set;14;Hair Care;Hair Care : Anti Hair Loss;non
CAUDALIEvinopure - set;CAUDALIE;vinopure - set;14;Face Care;Face Care : Acne Treatments;non
NUXEvery rose - 3-in1 soothing micellar water;NUXE;very rose - 3-in1 soothing micellar water;14;Face Care;Face Care : Cleansers & make-up removers;non
AVÈNEintolerant skin - mineral fluid spf 50;AVÈNE;intolerant skin - mineral fluid spf 50;14;Sun Care;Sun Care : Sun protection;non
AVÈNEcicalfate plus - intensive skin recovery serum;AVÈNE;cicalfate plus - intensive skin recovery serum;14;Healing Care;Healing Care : Skin Repair;non
AVÈNEhyaluron activ b3 - eye cream;AVÈNE;hyaluron activ b3 - eye cream;14;Face Care;Face Care : Anti-Aging;non
KERASTASEdiscipline - fondant fluidéaliste - conditioner;KERASTASE;discipline - fondant fluidéaliste - conditioner;14;Hair Care;Hair Care : Damaged Hair;non
LES SECRETS DE LOLYkurl potion - leave-in superfood milk;LES SECRETS DE LOLY;kurl potion - leave-in superfood milk;14;Hair Care;Hair Care : Dry Hair;non
RENÉ FURTERERnaturia - gentle micellar shampoo;RENÉ FURTERER;naturia - gentle micellar shampoo;14;Hair Care;Hair Care : Normal Hair;non
LA ROCHE POSAYlipikar - body lotion;LA ROCHE POSAY;lipikar - body lotion;14;Body Care;Body Care : Body Moisturizer;non
SOL DE JANEIROdelicia drench rio deo - deo stick;SOL DE JANEIRO;delicia drench rio deo - deo stick;14;Body Hygiene;Body Hygiene : Deodorants;non
KERASTASEblond absolu - cicaextreme mask;KERASTASE;blond absolu - cicaextreme mask;14;Hair Care;Hair Care : Damaged Hair;non
SVRcicavit plus - hppi cream;SVR;cicavit plus - hppi cream;14;Healing Care;Healing Care : Skin Repair;non
NUXEvery rose - biphase wtp eye & lip makeup remover;NUXE;very rose - biphase wtp eye & lip makeup remover;14;Face Care;Face Care : Cleansers & make-up removers;non
L'ORÉAL PARISexcellence creme - hair color;L'ORÉAL PARIS;excellence creme - hair color;14;Hair Care;Hair Care : Colored Hair;non
AVÈNEsensitive skin - children sunscreen lotion spf 50;AVÈNE;sensitive skin - children sunscreen lotion spf 50;14;Sun Care;Sun Care : Sun protection;non
KLORANEquinine & edelweiss - thinning hair loss conditioner;KLORANE;quinine & edelweiss - thinning hair loss conditioner;14;Hair Care;Hair Care : Anti Hair Loss;non
CERAVEmoisturizing - lotion;CERAVE;moisturizing - lotion;14;Body Care;Body Care : Body Moisturizer;non
AVÈNEsensitive skin - children sunscreen spray spf 50;AVÈNE;sensitive skin - children sunscreen spray spf 50;14;Sun Care;Sun Care : Sun protection;oui
L'ORÉAL PROFESSIONNELmetal detox - concentrated oil;L'ORÉAL PROFESSIONNEL;metal detox - concentrated oil;13;Marques coiffeurs;Coif : Hair Care;non
OLAPLEXthe full-on shine - set;OLAPLEX;the full-on shine - set;13;Marques coiffeurs;Coif : Hair Care;non
OLAPLEXvolumizing - blow dry mist;OLAPLEX;volumizing - blow dry mist;13;Hair Care;Hair Care : Thin Hair;non
KERASTASEresistance - force architecte - ciment anti-usure;KERASTASE;resistance - force architecte - ciment anti-usure;13;Hair Care;Hair Care : Damaged Hair;non
KERASTASEpremiere - repairing gloss oil;KERASTASE;premiere - repairing gloss oil;13;Hair Care;Hair Care : Damaged Hair;non
NUXEhuile prodigieuse - rich oil;NUXE;huile prodigieuse - rich oil;13;Body Care;Body Care : Body Moisturizer;non
RENÉ FURTERERastera - head spa - soothing concentrate;RENÉ FURTERER;astera - head spa - soothing concentrate;13;Hair Care;Hair Care : Sensitive Hair;non
LA ROCHE POSAYtoleriane teint - corrective liquid foundation spf 25;LA ROCHE POSAY;toleriane teint - corrective liquid foundation spf 25;13;Make-up;Make-up : Face;non
KERASTASEdiscipline - fluidissime - anti-frizz care;KERASTASE;discipline - fluidissime - anti-frizz care;13;Hair Care;Hair Care : Damaged Hair;non
KERASTASEcurl manifesto - refresh absolu - curl refreshing spray;KERASTASE;curl manifesto - refresh absolu - curl refreshing spray;13;Hair Care;Hair Care : Dry Hair;non
LA ROCHE POSAYeffaclar - micro-peeling purifying gel;LA ROCHE POSAY;effaclar - micro-peeling purifying gel;13;Face Care;Face Care : Acne Treatments;non
RENÉ FURTERERtriphasic - longevity densifying conditioner;RENÉ FURTERER;triphasic - longevity densifying conditioner;13;Hair Care;Hair Care : Anti Hair Loss;oui
SOL DE JANEIROcheirosa 62 - perfume mist;SOL DE JANEIRO;cheirosa 62 - perfume mist;13;Other;Other : Fragrances;non
INAVAsurgical 20/100 - toothbrush;INAVA;surgical 20/100 - toothbrush;13;Manual Toothbrush;Manual Toothbrush : Adults;non
GUMtrav-ler - interdental brush;GUM;trav-ler - interdental brush;13;Brush;Brush : Interdental;non
SVRcollagen biotic - regenerating bouncy cream;SVR;collagen biotic - regenerating bouncy cream;13;Face Care;Face Care : Anti-Aging;non
SVRdensitium - bi-serum;SVR;densitium - bi-serum;13;Face Care;Face Care : Anti-Aging;non
CAUDALIEvinosun - sun water spf 50;CAUDALIE;vinosun - sun water spf 50;13;Sun Care;Sun Care : Sun protection;non
SVRhydraliane - rich moisturizing cream;SVR;hydraliane - rich moisturizing cream;13;Face Care;Face Care : Nourishing;non
SVRpalpebral - balm;SVR;palpebral - balm;13;Eczema Treatment;Eczema Treatment;non
SVRphysiopure - foaming gel;SVR;physiopure - foaming gel;13;Face Care;Face Care : Cleansers & make-up removers;non
AVÈNExeracalm nutrition - shower cream;AVÈNE;xeracalm nutrition - shower cream;13;Body Hygiene;Body Hygiene : Syndets;oui
VICHYap deo 48h - anti white cast - roll on;VICHY;ap deo 48h - anti white cast - roll on;13;Body Hygiene;Body Hygiene : Deodorants;non
SVRsun secure - easy stick spf 50;SVR;sun secure - easy stick spf 50;13;Sun Care;Sun Care : Sun protection;non
SVRtopialyse - anti-itching, anti-irritation care - protecting balm;SVR;topialyse - anti-itching, anti-irritation care - protecting balm;13;Body Care;Body Care : Body Moisturizer;non
AVÈNEantirougeurs rosamed - moisturizing concentrate spf 50;AVÈNE;antirougeurs rosamed - moisturizing concentrate spf 50;13;Face Care;Face Care : Soothing and Anti-redness;non
DEXERYLdexeryl - emollient cream;DEXERYL;dexeryl - emollient cream;13;Body Care;Body Care : Body Moisturizer;non
NUXEprodigieux - set;NUXE;prodigieux - set;13;Other;Other : Other products;non
LA ROCHE POSAYhyalu b5 - suractivated cream;LA ROCHE POSAY;hyalu b5 - suractivated cream;12;Face Care;Face Care : Anti-Aging;non
SVRdensitium - rose eclat - cream;SVR;densitium - rose eclat - cream;12;Face Care;Face Care : Anti-Aging;non
NUXEmen - le parfum;NUXE;men - le parfum;12;Other;Other : Fragrances;non
LA ROCHE POSAYanthelios uvmune 400 - hydrating cream spf 50 plus;LA ROCHE POSAY;anthelios uvmune 400 - hydrating cream spf 50 plus;12;Sun Care;Sun Care : Sun protection;non
SVRap spirial 48h - cream;SVR;ap spirial 48h - cream;12;Body Hygiene;Body Hygiene : Deodorants;non
NUXEhuile prodigieuse or - roll on dry oil;NUXE;huile prodigieuse or - roll on dry oil;12;Body Care;Body Care : Body Moisturizer;non
LA ROCHE POSAYretinol b3 - anti-wrinkle concentrate serum;LA ROCHE POSAY;retinol b3 - anti-wrinkle concentrate serum;12;Face Care;Face Care : Anti-Aging;non
KERASTASEspecifique - masque rehydratant;KERASTASE;specifique - masque rehydratant;12;Marques coiffeurs;Coif : Hair Care;non
AVÈNEcleanance comedomed peeling - spot breakout cream;AVÈNE;cleanance comedomed peeling - spot breakout cream;12;Face Care;Face Care : Acne Treatments;oui
AVÈNEcleanance comedomed plus - intensive anti blemish care;AVÈNE;cleanance comedomed plus - intensive anti blemish care;12;Face Care;Face Care : Acne Treatments;oui
ELMEXsensitive professional - toothpaste;ELMEX;sensitive professional - toothpaste;12;Toothpaste;Toothpaste total;non
ELUDAYsensitive gums - mouthwash;ELUDAY;sensitive gums - mouthwash;12;Mouthwash;Mouthwash total;non
KERASTASEdiscipline - masque oléo-relax;KERASTASE;discipline - masque oléo-relax;12;Hair Care;Hair Care : Damaged Hair;non
RENÉ FURTERERcomplexe 5 - stimulating plant concentrate;RENÉ FURTERER;complexe 5 - stimulating plant concentrate;12;Hair Care;Hair Care : Anti Hair Loss;oui
SVRsun secure - sun protection water spf 50;SVR;sun secure - sun protection water spf 50;12;Sun Care;Sun Care : Sun protection;non
LA ROCHE POSAYhyalu b5 - eye serum;LA ROCHE POSAY;hyalu b5 - eye serum;12;Face Care;Face Care : Anti-Aging;non
LA ROCHE POSAYhyalu b5 - rich anti-wrinkle care;LA ROCHE POSAY;hyalu b5 - rich anti-wrinkle care;12;Face Care;Face Care : Anti-Aging;non
KLORANEbaby calendula - cleansing cold cream;KLORANE;baby calendula - cleansing cold cream;12;Baby Care;Baby Care : Bar Soap And Syndets;non
KERASTASEnutritive - beautifying detangling blow dry mist;KERASTASE;nutritive - beautifying detangling blow dry mist;12;Hair Care;Hair Care : Dry Hair;non
NUXEprodigieux floral - le parfum;NUXE;prodigieux floral - le parfum;12;Other;Other : Fragrances;non
KERASTASEresistance - therapiste - balm-in-shampoo;KERASTASE;resistance - therapiste - balm-in-shampoo;12;Hair Care;Hair Care : Damaged Hair;non
L'ORÉAL PROFESSIONNELabsolut repair - molecular - leave in mask;L'ORÉAL PROFESSIONNEL;absolut repair - molecular - leave in mask;12;Hair Care;Hair Care : Damaged Hair;non
NUXEmon rituel de beauté nuxe - set;NUXE;mon rituel de beauté nuxe - set;12;Face Care;Face Care : Moisturisers;non
KLORANEbaby calendula - refreshing scented water;KLORANE;baby calendula - refreshing scented water;12;Baby Care;Baby Care : Toilet Water;non
SVRpepti biotic - regenerating smoothing matt gel;SVR;pepti biotic - regenerating smoothing matt gel;12;Face Care;Face Care : Anti-Aging;non
SOL DE JANEIRObrazilian joia - milky leave-in conditioner;SOL DE JANEIRO;brazilian joia - milky leave-in conditioner;11;Hair Care;Hair Care : Dry Hair;non
CERAVEhydrating - foaming oil cleanser;CERAVE;hydrating - foaming oil cleanser;11;Body Hygiene;Body Hygiene : Syndets;non
MOROCCAN OILbrumes du maroc - fragrance mist;MOROCCAN OIL;brumes du maroc - fragrance mist;11;Other;Other : Fragrances;non
AVÈNEintolerant skin - mineral cream spf 50;AVÈNE;intolerant skin - mineral cream spf 50;11;Sun Care;Sun Care : Sun protection;non
L'ORÉAL PARISrevitalift laser - eye bag instant eraser;L'ORÉAL PARIS;revitalift laser - eye bag instant eraser;11;Face Care;Face Care : Anti-Aging;non
KERASTASEdiscipline - maskeratine;KERASTASE;discipline - maskeratine;11;Hair Care;Hair Care : Damaged Hair;non
LA ROCHE POSAYlipikar - soothing protective shower gel;LA ROCHE POSAY;lipikar - soothing protective shower gel;11;Body Hygiene;Body Hygiene : Syndets;non
NEUTROGENAt/gel - therapeutic shampoo stubborn itch;NEUTROGENA;t/gel - therapeutic shampoo stubborn itch;11;Hair Care;Hair Care : Anti-dandruff;non
NUXEreve de miel - honey lip care;NUXE;reve de miel - honey lip care;11;Lips / Hands Care;Lips / Hands : Lip care;non
LES SECRETS DE LOLYsleek & slay - 2 in 1 care balm;LES SECRETS DE LOLY;sleek & slay - 2 in 1 care balm;11;Hair Care;Hair Care : Dry Hair;non
INAVAsensitivity - toothbrush;INAVA;sensitivity - toothbrush;11;Manual Toothbrush;Manual Toothbrush : Adults;non
INAVAtrio compact - interdental brush;INAVA;trio compact - interdental brush;11;Brush;Brush : Interdental;non
KERASTASEdiscipline - oléo-relax - advanced oil;KERASTASE;discipline - oléo-relax - advanced oil;11;Hair Care;Hair Care : Damaged Hair;non
AVÈNExeracalm a.d - cleansing oil;AVÈNE;xeracalm a.d - cleansing oil;11;Body Hygiene;Body Hygiene : Syndets;non
SVRsun secure - after sun milk;SVR;sun secure - after sun milk;11;Sun Care;Sun Care : After Sun;non
SVRsensifine - aqua gel - soothing care;SVR;sensifine - aqua gel - soothing care;11;Face Care;Face Care : Moisturisers;non
LA ROCHE POSAYhyalu b5 - eye cream;LA ROCHE POSAY;hyalu b5 - eye cream;11;Face Care;Face Care : Anti-Aging;non
LA ROCHE POSAYhyalu b5 - suractivated serum;LA ROCHE POSAY;hyalu b5 - suractivated serum;11;Face Care;Face Care : Anti-Aging;non
SVRxerial 50 - extreme foot cream;SVR;xerial 50 - extreme foot cream;11;Other;Other : Foot Care;non
CERAVEsa smoothing - cleanser;CERAVE;sa smoothing - cleanser;11;Face Care;Face Care : Cleansers & make-up removers;non
CAUDALIEhand cream - set;CAUDALIE;hand cream - set;11;Lips / Hands Care;Lips / Hands : Hand care;non
L'ORÉAL PROFESSIONNELsteampod 4 - all in one pro styler;L'ORÉAL PROFESSIONNEL;steampod 4 - all in one pro styler;11;Marques coiffeurs;Coif : Hair Care;non
AVÈNEcold cream - lip balm;AVÈNE;cold cream - lip balm;11;Lips / Hands Care;Lips / Hands : Lip care;non
ELGYDIUMjunior - 7 to 12 yo toothpaste;ELGYDIUM;junior - 7 to 12 yo toothpaste;11;Toothpaste;Toothpaste total;non
OLAPLEXno.0.5 - scalp longevity treatment;OLAPLEX;no.0.5 - scalp longevity treatment;10;Hair Care;Hair Care : Thin Hair;non
CERAVEpm - facial moisturizing lotion;CERAVE;pm - facial moisturizing lotion;10;Face Care;Face Care : Moisturisers;non
LA ROCHE POSAYhydraphase ha - bb cream spf 15;LA ROCHE POSAY;hydraphase ha - bb cream spf 15;10;Face Care;Face Care : Moisturisers;non
LES SECRETS DE LOLYcream - conditioner;LES SECRETS DE LOLY;cream - conditioner;10;Hair Care;Hair Care : Dry Hair;non
LA ROCHE POSAYhyalu b5 - anti-wrinkle care;LA ROCHE POSAY;hyalu b5 - anti-wrinkle care;10;Face Care;Face Care : Anti-Aging;non
SOL DE JANEIRObeija flor rio deo - deo stick;SOL DE JANEIRO;beija flor rio deo - deo stick;10;Body Hygiene;Body Hygiene : Deodorants;non
ELUDAYcare - daily mouthwash;ELUDAY;care - daily mouthwash;10;Mouthwash;Mouthwash total;non
LES SECRETS DE LOLYkurl hero - hair & scalp fortifying serum;LES SECRETS DE LOLY;kurl hero - hair & scalp fortifying serum;10;Hair Care;Hair Care : Dry Hair;non
SVRcicavit plus - lip balm;SVR;cicavit plus - lip balm;10;Healing Care;Healing Care : Skin Repair;non
LA ROCHE POSAYanthelios uvmune 400 - anti dark spots fluid spf 50;LA ROCHE POSAY;anthelios uvmune 400 - anti dark spots fluid spf 50;10;Face Care;Face Care : Depigmentation;non
SVRsebiaclear - mat and pores cream;SVR;sebiaclear - mat and pores cream;10;Face Care;Face Care : Acne Treatments;non
CERAVEhydrating - cream to foam cleanser;CERAVE;hydrating - cream to foam cleanser;10;Face Care;Face Care : Cleansers & make-up removers;non
SVRtopialyse - anti dryness - cream;SVR;topialyse - anti dryness - cream;10;Body Care;Body Care : Body Moisturizer;non
SVRtopialyse - palpebral eye care;SVR;topialyse - palpebral eye care;10;Eczema Treatment;Eczema Treatment;non
SVRtopialyse - palpebral mascara protect;SVR;topialyse - palpebral mascara protect;10;Make-up;Make-up : Eyes;non
CERAVEam - facial moisturizing lotion - spf 30;CERAVE;am - facial moisturizing lotion - spf 30;10;Face Care;Face Care : Moisturisers;non
L'ORÉAL PROFESSIONNELsteampod - protective smoothing serum;L'ORÉAL PROFESSIONNEL;steampod - protective smoothing serum;10;Marques coiffeurs;Coif : Hair Care;non
DUCRAYictyane hd - emollient cream;DUCRAY;ictyane hd - emollient cream;10;Body Care;Body Care : Body Moisturizer;non
ELGYDIUM4 in 1 - toothbrush;ELGYDIUM;4 in 1 - toothbrush;10;Manual Toothbrush;Manual Toothbrush : Adults;non
AVÈNEdermabsolu - intensive resculpting night cream;AVÈNE;dermabsolu - intensive resculpting night cream;10;Face Care;Face Care : Anti-Aging;non
CAUDALIEsoleil des vignes - fresh fragrance;CAUDALIE;soleil des vignes - fresh fragrance;10;Other;Other : Fragrances;non
L'ORÉAL PARIScolor riche - matte lipstick;L'ORÉAL PARIS;color riche - matte lipstick;10;Make-up;Make-up : Lips;non
CAUDALIEprep plus glow - set;CAUDALIE;prep plus glow - set;10;Face Care;Face Care : Anti-Aging;non
NUXEcrème fraiche de beauté - 48hr moisturising cream;NUXE;crème fraiche de beauté - 48hr moisturising cream;10;Face Care;Face Care : Moisturisers;non
KERASTASEelixir ultime - le bain - oil infused shampoo;KERASTASE;elixir ultime - le bain - oil infused shampoo;10;Hair Care;Hair Care : Dry Hair;non
KERASTASEgenesis homme - anti hair fall fortifying serum;KERASTASE;genesis homme - anti hair fall fortifying serum;10;Hair Care;Hair Care : Anti Hair Loss;non
KERASTASEl'incroyable blowdry - reshapable heat lotion;KERASTASE;l'incroyable blowdry - reshapable heat lotion;10;Marques coiffeurs;Coif : Hair Care;non
LES SECRETS DE LOLYkurl fusion - multitexture gel cream;LES SECRETS DE LOLY;kurl fusion - multitexture gel cream;10;Hair Care;Hair Care : Dry Hair;non
MOROCCAN OILhydration - shampoo;MOROCCAN OIL;hydration - shampoo;9;Hair Care;Hair Care : Dry Hair;non
SVRc eye biotic - eye cream;SVR;c eye biotic - eye cream;9;Face Care;Face Care : Anti-Aging;non
ISDINfusion water - magic spf 50;ISDIN;fusion water - magic spf 50;9;Sun Care;Sun Care : Sun protection;non
KLORANEoat milk - ultra-gentle dry shampoo;KLORANE;oat milk - ultra-gentle dry shampoo;9;Hair Care;Hair Care : Dry Shampoos;non
KERASTASEchroma absolu - acid chroma gloss - shine treatment;KERASTASE;chroma absolu - acid chroma gloss - shine treatment;9;Hair Care;Hair Care : Colored Hair;non
GARNIERskin active - micellar cleansing gel;GARNIER;skin active - micellar cleansing gel;9;Face Care;Face Care : Cleansers & make-up removers;non
KERASTASEgenesis - anti hair fall fortifying treatment ampoules;KERASTASE;genesis - anti hair fall fortifying treatment ampoules;9;Hair Care;Hair Care : Anti Hair Loss;non
AVÈNEtolérance control - soothing skin recovery cream;AVÈNE;tolérance control - soothing skin recovery cream;9;Body Care;Body Care : Body Moisturizer;non
KERASTASEspecifique - bain vital dermo calm - shampoo;KERASTASE;specifique - bain vital dermo calm - shampoo;9;Marques coiffeurs;Coif : Hair Care;non
DUCRAYextra gentle - dermo-protective shampoo;DUCRAY;extra gentle - dermo-protective shampoo;9;Hair Care;Hair Care : Normal Hair;oui
CAUDALIErose de vigne - set;CAUDALIE;rose de vigne - set;9;Other;Other : Fragrances;non
L'ORÉAL PROFESSIONNELvitamino color - shampoo;L'ORÉAL PROFESSIONNEL;vitamino color - shampoo;9;Hair Care;Hair Care : Colored Hair;non
LA ROCHE POSAYkerium - extra gentle gel shampoo;LA ROCHE POSAY;kerium - extra gentle gel shampoo;9;Hair Care;Hair Care : Normal Hair;non
SOL DE JANEIROcheirosa perfume - set;SOL DE JANEIRO;cheirosa perfume - set;9;Other;Other : Fragrances;non
SVRtopialyse - palpebral micellar eye gel;SVR;topialyse - palpebral micellar eye gel;9;Eczema Treatment;Eczema Treatment;non
SVRcicavit plus - soothing cream;SVR;cicavit plus - soothing cream;9;Healing Care;Healing Care : Skin Repair;non
AVÈNEintolerant skin - tinted mineral fluid spf 50;AVÈNE;intolerant skin - tinted mineral fluid spf 50;9;Sun Care;Sun Care : Sun protection;non
KLORANEoat milk - ultra-gentle shampoo;KLORANE;oat milk - ultra-gentle shampoo;9;Hair Care;Hair Care : Normal Hair;non
LES SECRETS DE LOLYrepair time - mask;LES SECRETS DE LOLY;repair time - mask;9;Hair Care;Hair Care : Dry Hair;non
NEUTROGENAspot controlling - facial scrub;NEUTROGENA;spot controlling - facial scrub;9;Face Care;Face Care : Acne Treatments;non
L'ORÉAL PARISaccord parfait - liquid foundation;L'ORÉAL PARIS;accord parfait - liquid foundation;9;GMS;GMS : Skin Care;non
ELGYDIUMkids - 3 to 6 toothpaste;ELGYDIUM;kids - 3 to 6 toothpaste;9;Toothpaste;Toothpaste total;non
BIODERMAatoderm - intensive balm;BIODERMA;atoderm - intensive balm;9;Body Care;Body Care : Body Moisturizer;non
KERASTASEpremiere - set;KERASTASE;premiere - set;9;Hair Care;Hair Care : Damaged Hair;non
NUXEreve de miel - honey lip balm;NUXE;reve de miel - honey lip balm;9;Lips / Hands Care;Lips / Hands : Lip care;non
DUCRAYsensinol - physio-protective shampoo;DUCRAY;sensinol - physio-protective shampoo;9;Hair Care;Hair Care : Sensitive Hair;oui
NUXEhuile prodigieuse or - dry oil;NUXE;huile prodigieuse or - dry oil;9;Body Care;Body Care : Body Moisturizer;non
KLORANEbaby calendula - massage oil;KLORANE;baby calendula - massage oil;9;Baby Care;Baby Care : Body And Face Creams;non
KERASTASEnutritive - nutri-supplement - scalp serum;KERASTASE;nutritive - nutri-supplement - scalp serum;9;Hair Care;Hair Care : Dry Hair;non
SVRdensitium - cream;SVR;densitium - cream;9;Face Care;Face Care : Anti-Aging;non
CERAVEam - facial moisturizing lotion - spf 50;CERAVE;am - facial moisturizing lotion - spf 50;9;Sun Care;Sun Care : Sun protection;non
SVRdensitium - night balm;SVR;densitium - night balm;9;Face Care;Face Care : Anti-Aging;non
NEUTROGENAblackhead eliminating - cleansing toner;NEUTROGENA;blackhead eliminating - cleansing toner;9;Face Care;Face Care : Acne Treatments;non
LA ROCHE POSAYpure vitamin c12 - renovating serum;LA ROCHE POSAY;pure vitamin c12 - renovating serum;9;Face Care;Face Care : Anti-Aging;non
CAUDALIEvinosun protect - cream spf 50;CAUDALIE;vinosun protect - cream spf 50;9;Sun Care;Sun Care : Sun protection;non
KLORANEcornflower - 24h hydrating plumping gel cream;KLORANE;cornflower - 24h hydrating plumping gel cream;9;Face Care;Face Care : Moisturisers;oui
SVRtopialyse - anti-itching cleansing oil;SVR;topialyse - anti-itching cleansing oil;9;Body Hygiene;Body Hygiene : Syndets;non
LES SECRETS DE LOLYsunshine clean - shampoo;LES SECRETS DE LOLY;sunshine clean - shampoo;9;Hair Care;Hair Care : Light Reflection;non
OLAPLEXno.4d - clean volume detox dry shampoo;OLAPLEX;no.4d - clean volume detox dry shampoo;9;Hair Care;Hair Care : Dry Shampoos;non
AVÈNEcouvrance - eyebrow pencil;AVÈNE;couvrance - eyebrow pencil;9;Make-up;Make-up : Eyes;non
DUCRAYkeracnyl - foaming gel;DUCRAY;keracnyl - foaming gel;9;Face Care;Face Care : Acne Treatments;non
MOROCCAN OILfrizz control - frizz shield spray;MOROCCAN OIL;frizz control - frizz shield spray;9;Hair Care;Hair Care : Styling Products;non
NUXEhuile prodigieuse - roll on dry oil;NUXE;huile prodigieuse - roll on dry oil;9;Body Care;Body Care : Body Moisturizer;non
MOROCCAN OILhigh shine - gloss mask;MOROCCAN OIL;high shine - gloss mask;9;Hair Care;Hair Care : Light Reflection;non
LA ROCHE POSAYanthelios uvmune 400 - invisible fluid spf 50 plus;LA ROCHE POSAY;anthelios uvmune 400 - invisible fluid spf 50 plus;8;Sun Care;Sun Care : Sun protection;non
NEUTROGENAspot controlling - oil free moisturizer;NEUTROGENA;spot controlling - oil free moisturizer;8;Face Care;Face Care : Acne Treatments;non
BIODERMAsebium - foaming gel;BIODERMA;sebium - foaming gel;8;Face Care;Face Care : Acne Treatments;non
L'ORÉAL PROFESSIONNELcurl expression - shampoo;L'ORÉAL PROFESSIONNEL;curl expression - shampoo;8;Marques coiffeurs;Coif : Hair Care;non
L'ORÉAL PROFESSIONNELscalp advanced - dermo-purifier shampoo;L'ORÉAL PROFESSIONNEL;scalp advanced - dermo-purifier shampoo;8;Marques coiffeurs;Coif : Hair Care;non
SVRxerial 30 - foot cream;SVR;xerial 30 - foot cream;8;Other;Other : Foot Care;non
SVRsun secure - sun protection water spf 30;SVR;sun secure - sun protection water spf 30;8;Sun Care;Sun Care : Sun protection;non
CAUDALIEvinergetic c - detox oil;CAUDALIE;vinergetic c - detox oil;8;Face Care;Face Care : Moisturisers;non
GUMbi-direction - interdental brush;GUM;bi-direction - interdental brush;8;Brush;Brush : Interdental;non
SVRsensifine - night oil;SVR;sensifine - night oil;8;Face Care;Face Care : Moisturisers;non
KERASTASEdiscipline - kératine thermique - smoothing taming milk;KERASTASE;discipline - kératine thermique - smoothing taming milk;8;Hair Care;Hair Care : Damaged Hair;non
LES SECRETS DE LOLYcocktail curl remedy - moisturizing spray;LES SECRETS DE LOLY;cocktail curl remedy - moisturizing spray;8;Hair Care;Hair Care : Dry Hair;non
SVRtopialyse - intensive balm;SVR;topialyse - intensive balm;8;Body Care;Body Care : Body Moisturizer;non
RENÉ FURTERERastera - fresh - soothing freshness concentrate;RENÉ FURTERER;astera - fresh - soothing freshness concentrate;8;Hair Care;Hair Care : Sensitive Hair;non
AVÈNEsensitive skin - hev blue light - tinted cream spf 50;AVÈNE;sensitive skin - hev blue light - tinted cream spf 50;8;Sun Care;Sun Care : Sun protection;non
KERASTASEgenesis homme - bain de force - purifying fortifying shampoo;KERASTASE;genesis homme - bain de force - purifying fortifying shampoo;8;Hair Care;Hair Care : Anti Hair Loss;non
CAUDALIEgentle conditioning shampoo;CAUDALIE;gentle conditioning shampoo;8;Hair Care;Hair Care : Normal Hair;non
LES SECRETS DE LOLYcurl glow - gel-in-oil;LES SECRETS DE LOLY;curl glow - gel-in-oil;8;Hair Care;Hair Care : Styling Products;non
PHYTOphytophanere - ultra serum;PHYTO;phytophanere - ultra serum;8;Hair Care;Hair Care : Anti Hair Loss;non
LA ROCHE POSAYcicaplast - gel b5;LA ROCHE POSAY;cicaplast - gel b5;8;Healing Care;Healing Care : Skin Repair;non
NUXEvery rose - radiance face scrub;NUXE;very rose - radiance face scrub;8;Face Care;Face Care : Cleansers & make-up removers;non
SVRsebiaclear - hydra cream;SVR;sebiaclear - hydra cream;8;Face Care;Face Care : Acne Treatments;non
KLORANEcentaury - anti-yellowing shampoo;KLORANE;centaury - anti-yellowing shampoo;8;Hair Care;Hair Care : Other products;non
L'ORÉAL PROFESSIONNELsteampod - steam-activated milk;L'ORÉAL PROFESSIONNEL;steampod - steam-activated milk;8;Marques coiffeurs;Coif : Hair Care;non
NUXEvery rose - rose lip balm;NUXE;very rose - rose lip balm;8;Lips / Hands Care;Lips / Hands : Lip care;non
LA ROCHE POSAYcicaplast b5 - soothing repairing balm spf 50;LA ROCHE POSAY;cicaplast b5 - soothing repairing balm spf 50;8;Healing Care;Healing Care : Skin Repair;non
SVRampoule [a] lift - smoothing concentrate;SVR;ampoule [a] lift - smoothing concentrate;8;Face Care;Face Care : Anti-Aging;non
INAVAsurgical 15/100 - toothbrush;INAVA;surgical 15/100 - toothbrush;8;Manual Toothbrush;Manual Toothbrush : Adults;non
INAVA20/100 - toothbrush;INAVA;20/100 - toothbrush;8;Manual Toothbrush;Manual Toothbrush : Adults;non
KERASTASEresistance - extentioniste - mask;KERASTASE;resistance - extentioniste - mask;8;Hair Care;Hair Care : Damaged Hair;non
KERASTASEresistance - fondant extentioniste - conditioner;KERASTASE;resistance - fondant extentioniste - conditioner;8;Hair Care;Hair Care : Damaged Hair;non
AVÈNEsoothing - eye contour cream;AVÈNE;soothing - eye contour cream;8;Face Care;Face Care : Soothing and Anti-redness;non
LA ROCHE POSAYtoleriane dermallergo - eye cream;LA ROCHE POSAY;toleriane dermallergo - eye cream;8;Face Care;Face Care : Soothing and Anti-redness;non
CAUDALIEvinopure - toner;CAUDALIE;vinopure - toner;8;Face Care;Face Care : Acne Treatments;non
AVÈNExeracalm a.d - replenishing milky gel;AVÈNE;xeracalm a.d - replenishing milky gel;7;Body Care;Body Care : Body Moisturizer;oui
LA ROCHE POSAYanthelios - hydrating lotion - spf 50;LA ROCHE POSAY;anthelios - hydrating lotion - spf 50;7;Sun Care;Sun Care : Sun protection;non
MOROCCAN OILdiscovery - set;MOROCCAN OIL;discovery - set;7;Hair Care;Hair Care : Dry Hair;non
AVÈNEtolérance hydra-10 - hydrating cream;AVÈNE;tolérance hydra-10 - hydrating cream;7;Face Care;Face Care : Moisturisers;non
NUXEprodigieuse boost - vitamin c glow boosting serum;NUXE;prodigieuse boost - vitamin c glow boosting serum;7;Face Care;Face Care : Anti-Aging;non
KERASTASEvolumifique - bain volume - thickening shampoo;KERASTASE;volumifique - bain volume - thickening shampoo;7;Marques coiffeurs;Coif : Hair Care;non
DUCRAYsabal - sebum regulating shampoo;DUCRAY;sabal - sebum regulating shampoo;7;Hair Care;Hair Care : Greasy Hair;non
NUXEhair prodigieux - set;NUXE;hair prodigieux - set;7;Hair Care;Hair Care : Dry Hair;non
KERASTASEresistance - extentioniste thermique - gel cream;KERASTASE;resistance - extentioniste thermique - gel cream;7;Hair Care;Hair Care : Damaged Hair;non
AVÈNEles essentiels - micellar water;AVÈNE;les essentiels - micellar water;7;Face Care;Face Care : Cleansers & make-up removers;non
AVÈNEhydrance uv - rich hydrating cream spf 30;AVÈNE;hydrance uv - rich hydrating cream spf 30;7;Face Care;Face Care : Nourishing;oui
SVRxerial - peel foot mask;SVR;xerial - peel foot mask;7;Other;Other : Foot Care;non
NUXEcrème fraiche de beauté - 48hr moisturising rich cream;NUXE;crème fraiche de beauté - 48hr moisturising rich cream;7;Face Care;Face Care : Moisturisers;non
CERAVEoil control - moisturizing gel cream;CERAVE;oil control - moisturizing gel cream;7;Face Care;Face Care : Acne Treatments;non
CAUDALIEvinoclean - micellar water;CAUDALIE;vinoclean - micellar water;7;Face Care;Face Care : Cleansers & make-up removers;non
ADERMAavoine rhealba - ultra rich shower gel;ADERMA;avoine rhealba - ultra rich shower gel;7;Body Hygiene;Body Hygiene : Syndets;non
NEUTROGENAnorwegian formula - intense repair cica cream;NEUTROGENA;norwegian formula - intense repair cica cream;7;Healing Care;Healing Care : Skin Repair;non
LES SECRETS DE LOLYsérum croissance - hair oil;LES SECRETS DE LOLY;sérum croissance - hair oil;7;Hair Care;Hair Care : Dry Hair;non
KERASTASEfusio scrub - soothing scrub;KERASTASE;fusio scrub - soothing scrub;7;Hair Care;Hair Care : Anti-dandruff;non
VICHYcapital soleil - uv age daily fluid spf 50;VICHY;capital soleil - uv age daily fluid spf 50;7;Face Care;Face Care : Anti-Aging;non
L'ORÉAL PROFESSIONNELabsolut repair - molecular - rinse off serum;L'ORÉAL PROFESSIONNEL;absolut repair - molecular - rinse off serum;7;Hair Care;Hair Care : Damaged Hair;non
MOROCCAN OILl'originale - edp;MOROCCAN OIL;l'originale - edp;7;Other;Other : Fragrances;non
MOROCCAN OILmoroccanoil - original light treatment oil;MOROCCAN OIL;moroccanoil - original light treatment oil;7;Hair Care;Hair Care : Dry Hair;non
SVRsebiaclear - serum;SVR;sebiaclear - serum;7;Face Care;Face Care : Acne Treatments;non
EUCERINaquaphor - soothing skin balm;EUCERIN;aquaphor - soothing skin balm;7;Healing Care;Healing Care : Skin Repair;non
LA ROSÉEprobiotics - fresh deodorant;LA ROSÉE;probiotics - fresh deodorant;7;Body Hygiene;Body Hygiene : Deodorants;non
LES SECRETS DE LOLYwavy hair routine - set;LES SECRETS DE LOLY;wavy hair routine - set;7;Hair Care;Hair Care : Dry Hair;non
LA ROCHE POSAYcicaplast mains - barrier repairing cream;LA ROCHE POSAY;cicaplast mains - barrier repairing cream;7;Healing Care;Healing Care : Skin Repair;non
EUCERINurearepair plus - 5% urea hand cream;EUCERIN;urearepair plus - 5% urea hand cream;7;Lips / Hands Care;Lips / Hands : Hand care;non
KERASTASEgenesis homme - strength and thickness boosting spray;KERASTASE;genesis homme - strength and thickness boosting spray;7;Hair Care;Hair Care : Anti Hair Loss;non
LA ROCHE POSAYlipikar - urea 10 body milk;LA ROCHE POSAY;lipikar - urea 10 body milk;7;Body Care;Body Care : Body Moisturizer;non
LA ROCHE POSAYnutritic - intense rich;LA ROCHE POSAY;nutritic - intense rich;7;Face Care;Face Care : Nourishing;non
LA ROCHE POSAYeffaclar - purifying foaming gel cleanser oily skin;LA ROCHE POSAY;effaclar - purifying foaming gel cleanser oily skin;7;Face Care;Face Care : Acne Treatments;non
ARTHRODONTintense freshness - toothpaste;ARTHRODONT;intense freshness - toothpaste;7;Toothpaste;Toothpaste total;non
VICHYdercos - anti-dandruff ds shampoo normal to oily hair;VICHY;dercos - anti-dandruff ds shampoo normal to oily hair;7;Healing Care;Healing Care : Seborrheic Dermatitis;non
SVRsun secure - hydrating milk spf 50;SVR;sun secure - hydrating milk spf 50;7;Sun Care;Sun Care : Sun protection;non
NUXEzinc power - purifying cleansing gel;NUXE;zinc power - purifying cleansing gel;7;Face Care;Face Care : Acne Treatments;non
SVRtopialyse - cleansing oil micellar;SVR;topialyse - cleansing oil micellar;7;Face Care;Face Care : Cleansers & make-up removers;non
L'ORÉAL PROFESSIONNELcurl expression - mask;L'ORÉAL PROFESSIONNEL;curl expression - mask;7;Marques coiffeurs;Coif : Hair Care;non
AVÈNEcouvrance - fluid foundation spf 20;AVÈNE;couvrance - fluid foundation spf 20;6;Make-up;Make-up : Face;oui
L'ORÉAL PARISelsève fiber booster - shampoo;L'ORÉAL PARIS;elsève fiber booster - shampoo;6;Hair Care;Hair Care : Thin Hair;non
CERAVEacne control - gel;CERAVE;acne control - gel;6;Face Care;Face Care : Acne Treatments;non
L'ORÉAL PROFESSIONNELscalp advanced - clay 2 in 1 shampoo & mask;L'ORÉAL PROFESSIONNEL;scalp advanced - clay 2 in 1 shampoo & mask;6;Marques coiffeurs;Coif : Hair Care;non
MOROCCAN OILhydration - intense hydrating mask;MOROCCAN OIL;hydration - intense hydrating mask;6;Hair Care;Hair Care : Dry Hair;non
LA ROCHE POSAYtoleriane teint - corrective compact powder;LA ROCHE POSAY;toleriane teint - corrective compact powder;6;Make-up;Make-up : Face;non
SOL DE JANEIRObrazilian 4 play - shower cream gel;SOL DE JANEIRO;brazilian 4 play - shower cream gel;6;Body Hygiene;Body Hygiene : Body Wash;non
CAUDALIEmasque peeling glycolique;CAUDALIE;masque peeling glycolique;6;Face Care;Face Care : Anti-Aging;non
L'ORÉAL PARISexcellence creme - no ammonia triple care colour;L'ORÉAL PARIS;excellence creme - no ammonia triple care colour;6;GMS;GMS : Skin Care;non
EUCERINhyaluron filler elasticity - day cream spf 30;EUCERIN;hyaluron filler elasticity - day cream spf 30;6;Face Care;Face Care : Anti-Aging;non
MOROCCAN OILcurl - defining cream;MOROCCAN OIL;curl - defining cream;6;Hair Care;Hair Care : Dry Hair;non
RENÉ FURTERERtonucia - replumping mask;RENÉ FURTERER;tonucia - replumping mask;6;Hair Care;Hair Care : Anti Hair Loss;non
RENÉ FURTERERsublime karité - professional smoothing milk;RENÉ FURTERER;sublime karité - professional smoothing milk;6;Hair Care;Hair Care : Dry Hair;oui
NUXEeclat prodigieux - multi usage - compact bronzing powder;NUXE;eclat prodigieux - multi usage - compact bronzing powder;6;Make-up;Make-up : Face;non
NUXEvery rose - delicate cleansing oil;NUXE;very rose - delicate cleansing oil;6;Face Care;Face Care : Cleansers & make-up removers;non
L'ORÉAL PROFESSIONNELmetal detox - high protection cream;L'ORÉAL PROFESSIONNEL;metal detox - high protection cream;6;Marques coiffeurs;Coif : Hair Care;non
LA ROCHE POSAYeffaclar - set;LA ROCHE POSAY;effaclar - set;6;Face Care;Face Care : Acne Treatments;non
VICHYdercos - anti-dandruff sensitive shampoo;VICHY;dercos - anti-dandruff sensitive shampoo;6;Hair Care;Hair Care : Anti-dandruff;non
KERASTASEdiscipline - bain oléo relax - shampoo;KERASTASE;discipline - bain oléo relax - shampoo;6;Hair Care;Hair Care : Damaged Hair;non
LA ROCHE POSAYeffaclar a.z. - gel cream;LA ROCHE POSAY;effaclar a.z. - gel cream;6;Face Care;Face Care : Acne Treatments;non
RENÉ FURTERERnaturia - dry shampoo;RENÉ FURTERER;naturia - dry shampoo;6;Hair Care;Hair Care : Dry Shampoos;non
LA ROCHE POSAYeffaclar mat - sebo-regulating moisturizer;LA ROCHE POSAY;effaclar mat - sebo-regulating moisturizer;6;Face Care;Face Care : Acne Treatments;non
EUCERINhyaluron filler - epigenetic serum;EUCERIN;hyaluron filler - epigenetic serum;6;Face Care;Face Care : Anti-Aging;non
NUXEhair prodigieux - high shine conditioner;NUXE;hair prodigieux - high shine conditioner;6;Hair Care;Hair Care : Dry Hair;non
VICHYdermablend - fluid corrective foundation 16hr;VICHY;dermablend - fluid corrective foundation 16hr;6;Make-up;Make-up : Face;non
SVRsebiaclear - cream spf 50;SVR;sebiaclear - cream spf 50;6;Face Care;Face Care : Acne Treatments;non
PARODONTAXcomplete protection extra fresh - toothpaste;PARODONTAX;complete protection extra fresh - toothpaste;6;Toothpaste;Toothpaste total;non
NUXEvery rose - softening shower gel;NUXE;very rose - softening shower gel;6;Face Care;Face Care : Cleansers & make-up removers;non
SVRsebiaclear - body spray;SVR;sebiaclear - body spray;6;Face Care;Face Care : Acne Treatments;non
L'ORÉAL PROFESSIONNELvitamino color spectrum - mask;L'ORÉAL PROFESSIONNEL;vitamino color spectrum - mask;6;Hair Care;Hair Care : Colored Hair;non
LA ROCHE POSAYtoleriane dermallergo - fluid moisturiser;LA ROCHE POSAY;toleriane dermallergo - fluid moisturiser;6;Face Care;Face Care : Soothing and Anti-redness;non
L'ORÉAL PROFESSIONNELabsolut repair - 10 in 1 professional oil;L'ORÉAL PROFESSIONNEL;absolut repair - 10 in 1 professional oil;6;Hair Care;Hair Care : Damaged Hair;non
NEUTROGENAnorwegian formula - unscented hand cream;NEUTROGENA;norwegian formula - unscented hand cream;6;Lips / Hands Care;Lips / Hands : Hand care;non
NUXEmerveillance lift - firming velvet cream;NUXE;merveillance lift - firming velvet cream;6;Face Care;Face Care : Anti-Aging;non
BIODERMAatoderm - gentle shower gel;BIODERMA;atoderm - gentle shower gel;6;Body Hygiene;Body Hygiene : Syndets;non
SVRphysiopure - toner;SVR;physiopure - toner;6;Face Care;Face Care : Cleansers & make-up removers;non
URIAGEeau thermale - cleansing oil;URIAGE;eau thermale - cleansing oil;6;Face Care;Face Care : Cleansers & make-up removers;non
LA ROCHE POSAYrosaliac - ar intense;LA ROCHE POSAY;rosaliac - ar intense;6;Face Care;Face Care : Soothing and Anti-redness;non
AVÈNEtolérance - extremely gentle cleanser;AVÈNE;tolérance - extremely gentle cleanser;6;Face Care;Face Care : Cleansers & make-up removers;non
BIODERMAatoderm - lip balm;BIODERMA;atoderm - lip balm;6;Lips / Hands Care;Lips / Hands : Lip care;non
LES SECRETS DE LOLYbubble kurl - kids detangling spray;LES SECRETS DE LOLY;bubble kurl - kids detangling spray;6;Hair Care;Hair Care : Dry Hair;non
BIODERMAatoderm - ultra-nourishing cream;BIODERMA;atoderm - ultra-nourishing cream;6;Body Care;Body Care : Body Moisturizer;non
DUCRAYanacaps reactiv - hair loss capsules;DUCRAY;anacaps reactiv - hair loss capsules;6;Hair Care;Hair Care : Anti Hair Loss;non
LES SECRETS DE LOLYpink power - mask;LES SECRETS DE LOLY;pink power - mask;6;Hair Care;Hair Care : Dry Hair;non
KERASTASEsoleil - after sun mask;KERASTASE;soleil - after sun mask;6;Hair Care;Hair Care : Sun Care;non
AVÈNEvitamin activ cg - radiance intensive cream;AVÈNE;vitamin activ cg - radiance intensive cream;6;Face Care;Face Care : Anti-Aging;non
URIAGExémose c8 plus - lipid-replenishing anti-itch cream;URIAGE;xémose c8 plus - lipid-replenishing anti-itch cream;6;Body Care;Body Care : Body Moisturizer;non
NEUTROGENAnorwegian formula - concentrated hand cream;NEUTROGENA;norwegian formula - concentrated hand cream;6;Lips / Hands Care;Lips / Hands : Hand care;non
SVRcbd - resist ampoule;SVR;cbd - resist ampoule;6;Face Care;Face Care : Anti-Aging;non
LA ROCHE POSAYanthelios uvmune 400 - oil control fluid spf 50 plus;LA ROCHE POSAY;anthelios uvmune 400 - oil control fluid spf 50 plus;6;Face Care;Face Care : Acne Treatments;non
L'ORÉAL PROFESSIONNELcurl expression - cream in jelly;L'ORÉAL PROFESSIONNEL;curl expression - cream in jelly;6;Marques coiffeurs;Coif : Hair Care;non
LA ROCHE POSAYanthelios uvmune 400 - oil control gel cream spf 50;LA ROCHE POSAY;anthelios uvmune 400 - oil control gel cream spf 50;6;Face Care;Face Care : Acne Treatments;non
CAUDALIEtan prolonging - after sun lotion;CAUDALIE;tan prolonging - after sun lotion;6;Sun Care;Sun Care : After Sun;non
LA ROCHE POSAYtoleriane - sensitive creme;LA ROCHE POSAY;toleriane - sensitive creme;6;Face Care;Face Care : Moisturisers;non
AVÈNEcleanance - comedomed anti-blemishes concentrate;AVÈNE;cleanance - comedomed anti-blemishes concentrate;6;Face Care;Face Care : Acne Treatments;non
SVRsun secure - aqua fluid spf 50;SVR;sun secure - aqua fluid spf 50;6;Sun Care;Sun Care : Sun protection;non
LA ROCHE POSAYanthelios uvmune 400 - tinted fluid spf 50 plus;LA ROCHE POSAY;anthelios uvmune 400 - tinted fluid spf 50 plus;6;Sun Care;Sun Care : Sun protection;non
SVRap spirial 48h - spray;SVR;ap spirial 48h - spray;6;Body Hygiene;Body Hygiene : Deodorants;non
SVRsensifine ar - micellar water;SVR;sensifine ar - micellar water;6;Face Care;Face Care : Soothing and Anti-redness;non
ADERMAbiology - cleansing foam;ADERMA;biology - cleansing foam;6;Face Care;Face Care : Cleansers & make-up removers;non
L'ORÉAL PROFESSIONNELcurl expression - cream;L'ORÉAL PROFESSIONNEL;curl expression - cream;6;Marques coiffeurs;Coif : Hair Care;non
ISDINbexident - gums mouthwash;ISDIN;bexident - gums mouthwash;6;Mouthwash;Mouthwash total;non
LES SECRETS DE LOLYtropical detox - detoxifying treatment;LES SECRETS DE LOLY;tropical detox - detoxifying treatment;6;Hair Care;Hair Care : Dry Hair;non
AVÈNEdermabsolu - day cream;AVÈNE;dermabsolu - day cream;6;Face Care;Face Care : Anti-Aging;oui
SOL DE JANEIROcheirosa 87 - perfume mist;SOL DE JANEIRO;cheirosa 87 - perfume mist;6;Other;Other : Fragrances;non
CERAVEskin renewing - retinol serum;CERAVE;skin renewing - retinol serum;6;Face Care;Face Care : Anti-Aging;non
AVÈNEhyaluron activ b3 - set;AVÈNE;hyaluron activ b3 - set;6;Face Care;Face Care : Anti-Aging;non
NUXEsun - delicious fragrant water edp;NUXE;sun - delicious fragrant water edp;6;Other;Other : Fragrances;non
NEUTROGENAoil balancing - facial wash;NEUTROGENA;oil balancing - facial wash;5;Face Care;Face Care : Cleansers & make-up removers;non
MOROCCAN OILprotect - perfect defense thermal protection spray;MOROCCAN OIL;protect - perfect defense thermal protection spray;5;Hair Care;Hair Care : Damaged Hair;non
L'ORÉAL PARISvolume million de cils panorama - mascara;L'ORÉAL PARIS;volume million de cils panorama - mascara;5;Make-up;Make-up : Eyes;non
VICHYliftactiv collagen specialist 16 - day cream;VICHY;liftactiv collagen specialist 16 - day cream;5;Face Care;Face Care : Anti-Aging;non
LA ROCHE POSAYeffaclar - duo (plus) unifiant;LA ROCHE POSAY;effaclar - duo (plus) unifiant;5;Face Care;Face Care : Acne Treatments;non
L'ORÉAL PARISlumi - liquid blush;L'ORÉAL PARIS;lumi - liquid blush;5;GMS;GMS : Skin Care;non
SVRsebiaclear - active cream;SVR;sebiaclear - active cream;5;Face Care;Face Care : Acne Treatments;non
VICHYidealia - smoothing and illuminating - gel-cream;VICHY;idealia - smoothing and illuminating - gel-cream;5;Face Care;Face Care : Moisturisers;non
LA ROCHE POSAYanthelios age correct - cream spf 50;LA ROCHE POSAY;anthelios age correct - cream spf 50;5;Face Care;Face Care : Anti-Aging;non
CAUDALIEvinosculpt - draining organic herbal tea;CAUDALIE;vinosculpt - draining organic herbal tea;5;Body Care;Body Care : Weight Loss Oral Supplements;non
RENÉ FURTERERtriphasic - anti hair-loss stimulating shampoo;RENÉ FURTERER;triphasic - anti hair-loss stimulating shampoo;5;Hair Care;Hair Care : Anti Hair Loss;non
SOL DE JANEIRObum bum rio deo - deo stick;SOL DE JANEIRO;bum bum rio deo - deo stick;5;Body Hygiene;Body Hygiene : Deodorants;non
LA ROCHE POSAYlipikar syndet ap plus - cream wash;LA ROCHE POSAY;lipikar syndet ap plus - cream wash;5;Body Hygiene;Body Hygiene : Syndets;non
URIAGEbariéderm cica - protecting lip balm;URIAGE;bariéderm cica - protecting lip balm;5;Healing Care;Healing Care : Skin Repair;non
NEUTROGENAspot controlling plus - stubborn acne blemish patches;NEUTROGENA;spot controlling plus - stubborn acne blemish patches;5;Face Care;Face Care : Acne Treatments;non
NUXEreve de miel - face and body ultra-rich cleansing gel;NUXE;reve de miel - face and body ultra-rich cleansing gel;5;Face Care;Face Care : Cleansers & make-up removers;non
CERAVEresurfacing - retinol serum;CERAVE;resurfacing - retinol serum;5;Face Care;Face Care : Anti-Aging;non
SVRsensifine - nutri balm;SVR;sensifine - nutri balm;5;Face Care;Face Care : Nourishing;non
NUXEhair prodigieux - pre shampoo nourishing mask;NUXE;hair prodigieux - pre shampoo nourishing mask;5;Hair Care;Hair Care : Dry Hair;non
LA ROCHE POSAYdeodorant physiologique 24h - roll on;LA ROCHE POSAY;deodorant physiologique 24h - roll on;5;Body Hygiene;Body Hygiene : Deodorants;non
AVÈNExeracalm a.d - cleansing bar;AVÈNE;xeracalm a.d - cleansing bar;5;Body Hygiene;Body Hygiene : Bar Soap;non
KERASTASEspecifique - purifying cleansing clay;KERASTASE;specifique - purifying cleansing clay;5;Marques coiffeurs;Coif : Hair Care;non
SVRspirial extreme - deo douche;SVR;spirial extreme - deo douche;5;Body Hygiene;Body Hygiene : Deodorants;non
NUXEsun - refreshing after-sun lotion;NUXE;sun - refreshing after-sun lotion;5;Sun Care;Sun Care : After Sun;non
SVRtopialyse - hand cream;SVR;topialyse - hand cream;5;Lips / Hands Care;Lips / Hands : Hand care;non
AVÈNEdermabsolu - comforting night balm;AVÈNE;dermabsolu - comforting night balm;5;Face Care;Face Care : Anti-Aging;non
NUXEsun - moisturizing self tanning mousse;NUXE;sun - moisturizing self tanning mousse;5;Sun Care;Sun Care : Self-tanning;non
SVRampoule relax - eye concentrate;SVR;ampoule relax - eye concentrate;5;Face Care;Face Care : Other Face Care Products;non
NEUTROGENAnorwegian formula - lip moisturizer;NEUTROGENA;norwegian formula - lip moisturizer;5;Lips / Hands Care;Lips / Hands : Lip care;non
SVRampoule refresh - eye concentrate;SVR;ampoule refresh - eye concentrate;5;Face Care;Face Care : Other Face Care Products;non
KERASTASEpremiere - filler serum;KERASTASE;premiere - filler serum;5;Hair Care;Hair Care : Damaged Hair;non
L'ORÉAL PARISelsève - big hair day - volume spray;L'ORÉAL PARIS;elsève - big hair day - volume spray;5;GMS;GMS : Hair Care;non
NUXEreve de miel - hand and nail cream;NUXE;reve de miel - hand and nail cream;5;Lips / Hands Care;Lips / Hands : Hand care;non
NUXEvery rose - refreshing toning mist;NUXE;very rose - refreshing toning mist;5;Face Care;Face Care : Cleansers & make-up removers;non
ISDINage repair - fusion water spf 50;ISDIN;age repair - fusion water spf 50;5;Face Care;Face Care : Anti-Aging;non
L'ORÉAL PARISinfaillible 24h - lip duo;L'ORÉAL PARIS;infaillible 24h - lip duo;5;Make-up;Make-up : Lips;non
KERASTASEsoleil - after sun shampoo;KERASTASE;soleil - after sun shampoo;5;Hair Care;Hair Care : Sun Care;non
SVRak secure dm protect - cream spf 50;SVR;ak secure dm protect - cream spf 50;5;Sun Care;Sun Care : Sun protection;non
L'ORÉAL PARISlumi magique glotion - highlighter;L'ORÉAL PARIS;lumi magique glotion - highlighter;5;GMS;GMS : Skin Care;non
AVÈNEcleanance - mattifying aqua gel;AVÈNE;cleanance - mattifying aqua gel;5;Face Care;Face Care : Acne Treatments;oui
EUCERINanti-pigment - day cream spf 30;EUCERIN;anti-pigment - day cream spf 30;5;Face Care;Face Care : Depigmentation;non
L'ORÉAL PROFESSIONNELpro longer - mask;L'ORÉAL PROFESSIONNEL;pro longer - mask;5;Marques coiffeurs;Coif : Hair Care;non
MOROCCAN OILextra volume - shampoo;MOROCCAN OIL;extra volume - shampoo;5;Hair Care;Hair Care : Thin Hair;non
LES SECRETS DE LOLYhyalu fusion - mask;LES SECRETS DE LOLY;hyalu fusion - mask;5;Hair Care;Hair Care : Dry Hair;non
KERASTASEiconic hair heroes - set;KERASTASE;iconic hair heroes - set;5;Hair Care;Hair Care : Normal Hair;non
ADERMAepitheliale ultra repair - ha plus multi repairing serum;ADERMA;epitheliale ultra repair - ha plus multi repairing serum;5;Healing Care;Healing Care : Skin Repair;oui
AVÈNExeracalm nutrition - cleansing gel;AVÈNE;xeracalm nutrition - cleansing gel;5;Body Hygiene;Body Hygiene : Syndets;non
VICHYdercos - ultra soothing normal to oily hair - shampoo;VICHY;dercos - ultra soothing normal to oily hair - shampoo;5;Hair Care;Hair Care : Sensitive Hair;non
DUCRAYkelual ds - soothing cream;DUCRAY;kelual ds - soothing cream;5;Healing Care;Healing Care : Seborrheic Dermatitis;non
EUCERINsun protection - pigment control sun fluid spf 50;EUCERIN;sun protection - pigment control sun fluid spf 50;5;Face Care;Face Care : Depigmentation;non
NUXEreve de miel - ultra comforting body cream;NUXE;reve de miel - ultra comforting body cream;5;Body Care;Body Care : Body Moisturizer;non
SOL DE JANEIROrio radiance - body spray spf 50;SOL DE JANEIRO;rio radiance - body spray spf 50;5;Sun Care;Sun Care : Sun protection;non
LA ROCHE POSAYanthelios - shaka tinted fluid spf 50;LA ROCHE POSAY;anthelios - shaka tinted fluid spf 50;5;Sun Care;Sun Care : Sun protection;non
LA ROCHE POSAYanthelios uv air - sunscreen lotion spf 50;LA ROCHE POSAY;anthelios uv air - sunscreen lotion spf 50;5;Sun Care;Sun Care : Sun protection;non
L'ORÉAL PROFESSIONNELcurl expression - 10 in 1 cream in mousse;L'ORÉAL PROFESSIONNEL;curl expression - 10 in 1 cream in mousse;5;Marques coiffeurs;Coif : Hair Care;non
L'ORÉAL PARISrevitalift laser x3 - day cream;L'ORÉAL PARIS;revitalift laser x3 - day cream;5;Face Care;Face Care : Anti-Aging;non
CAUDALIEwinter essentials - set;CAUDALIE;winter essentials - set;5;Body Care;Body Care : Body Moisturizer;non
SVRsun secure - tinted mineral sunscreen spf 50;SVR;sun secure - tinted mineral sunscreen spf 50;5;Sun Care;Sun Care : Sun protection;non
SVRxerial - peeling cleansing gel;SVR;xerial - peeling cleansing gel;5;Body Hygiene;Body Hygiene : Syndets;non
SVRsebiaclear hydra - anti-mark soothing moisturizer;SVR;sebiaclear hydra - anti-mark soothing moisturizer;5;Face Care;Face Care : Acne Treatments;non
SVRdensitium - creme riche;SVR;densitium - creme riche;5;Face Care;Face Care : Anti-Aging;non
SVRsensifine - dermo-soothing cleanser;SVR;sensifine - dermo-soothing cleanser;5;Face Care;Face Care : Cleansers & make-up removers;non
L'ORÉAL PARISrevitalift laser x3 - serum;L'ORÉAL PARIS;revitalift laser x3 - serum;5;Face Care;Face Care : Anti-Aging;non
LA ROCHE POSAYtoleriane sensitive - riche;LA ROCHE POSAY;toleriane sensitive - riche;5;Face Care;Face Care : Nourishing;non
BIODERMAcicabio - ultra-repairing soothing cream spf 50;BIODERMA;cicabio - ultra-repairing soothing cream spf 50;5;Healing Care;Healing Care : Skin Repair;non
AVÈNEhydrance - hydrating cream spf 30;AVÈNE;hydrance - hydrating cream spf 30;5;Face Care;Face Care : Moisturisers;non
SVRdensitium - rich cream;SVR;densitium - rich cream;5;Face Care;Face Care : Anti-Aging;non
SVRtopialyse - soothing cleansing care;SVR;topialyse - soothing cleansing care;5;Body Hygiene;Body Hygiene : Syndets;non
SVRfillerbiotic - eye & lip contour;SVR;fillerbiotic - eye & lip contour;5;Face Care;Face Care : Anti-Aging;non
NUXEvery rose - make-up remover milk;NUXE;very rose - make-up remover milk;5;Face Care;Face Care : Cleansers & make-up removers;non
LES SECRETS DE LOLYpurple - hair brush;LES SECRETS DE LOLY;purple - hair brush;5;Hair Care;Hair Care : Dry Hair;non
EUCERINultrasensitive - soothing care;EUCERIN;ultrasensitive - soothing care;5;Face Care;Face Care : Soothing and Anti-redness;non
EUCERINurearepair plus - 10% urea foot cream;EUCERIN;urearepair plus - 10% urea foot cream;5;Other;Other : Foot Care;non
SVRhyalu biotic - regenerating plumping gel;SVR;hyalu biotic - regenerating plumping gel;5;Face Care;Face Care : Anti-Aging;non
L'ORÉAL PARISrevitalift clinical - 12% vitamin c serum;L'ORÉAL PARIS;revitalift clinical - 12% vitamin c serum;5;Face Care;Face Care : Anti-Aging;non
SVRtopialyse - cleansing balm;SVR;topialyse - cleansing balm;5;Face Care;Face Care : Cleansers & make-up removers;non
VICHYliftactiv specialist - peptide-c ampoules;VICHY;liftactiv specialist - peptide-c ampoules;5;Face Care;Face Care : Anti-Aging;non
SVRprotecteur palpebral - mascara;SVR;protecteur palpebral - mascara;5;Make-up;Make-up : Eyes;non
CAUDALIEvinoperfect - hand cream;CAUDALIE;vinoperfect - hand cream;5;Lips / Hands Care;Lips / Hands : Hand care;non
SVRtopialyse - palpebral anti-itching soothing cream;SVR;topialyse - palpebral anti-itching soothing cream;5;Eczema Treatment;Eczema Treatment;non
MOROCCAN OILpurple - treatment oil;MOROCCAN OIL;purple - treatment oil;5;Hair Care;Hair Care : Colored Hair;non
AVÈNEsoothing - moisture mask;AVÈNE;soothing - moisture mask;4;Face Care;Face Care : Soothing and Anti-redness;non
CERAVEdaily moisturizing - lotion;CERAVE;daily moisturizing - lotion;4;Body Care;Body Care : Body Moisturizer;non
LA ROCHE POSAYrespectissime - wtp eye make-up remover;LA ROCHE POSAY;respectissime - wtp eye make-up remover;4;Face Care;Face Care : Cleansers & make-up removers;non
NEUTROGENAdeep clean - invigorating exfoliating gel;NEUTROGENA;deep clean - invigorating exfoliating gel;4;Face Care;Face Care : Cleansers & make-up removers;non
AVÈNEtolérance control - cream;AVÈNE;tolérance control - cream;4;Body Care;Body Care : Body Moisturizer;non
NEUTROGENAbright boost - illuminating serum;NEUTROGENA;bright boost - illuminating serum;4;Face Care;Face Care : Depigmentation;non
L'ORÉAL PROFESSIONNELsteampod 3.0 - steam straightener;L'ORÉAL PROFESSIONNEL;steampod 3.0 - steam straightener;4;Marques coiffeurs;Coif : Hair Care;non
NUXEprodigieux - shower oil;NUXE;prodigieux - shower oil;4;Body Hygiene;Body Hygiene : Syndets;non
NEUTROGENAbright boost - face moisturizer spf 30;NEUTROGENA;bright boost - face moisturizer spf 30;4;Face Care;Face Care : Depigmentation;non
LES SECRETS DE LOLYcare fusion - co-wash shampoo;LES SECRETS DE LOLY;care fusion - co-wash shampoo;4;Hair Care;Hair Care : Dry Hair;non
DEXERYLdexeryl - shower cream;DEXERYL;dexeryl - shower cream;4;Body Hygiene;Body Hygiene : Syndets;non
URIAGEroséliane - anti redness cream - spf 30;URIAGE;roséliane - anti redness cream - spf 30;4;Face Care;Face Care : Soothing and Anti-redness;non
URIAGEroséliane - anti redness rich cream;URIAGE;roséliane - anti redness rich cream;4;Face Care;Face Care : Soothing and Anti-redness;non
DUCRAYanacaps expert - chronic hair loss capsules;DUCRAY;anacaps expert - chronic hair loss capsules;4;Hair Care;Hair Care : Anti Hair Loss;oui
SVRtopialyse - anti-irritation lipid-restoring 24h cleansing oil;SVR;topialyse - anti-irritation lipid-restoring 24h cleansing oil;4;Body Hygiene;Body Hygiene : Syndets;non
URIAGExémose - anti-itch soothing oil balm;URIAGE;xémose - anti-itch soothing oil balm;4;Body Care;Body Care : Body Moisturizer;non
URIAGExémose - cleansing soothing oil;URIAGE;xémose - cleansing soothing oil;4;Body Care;Body Care : Body Moisturizer;non
AVÈNEsensitive skin - sunscreen stick for sensitive areas spf 50;AVÈNE;sensitive skin - sunscreen stick for sensitive areas spf 50;4;Sun Care;Sun Care : Sun protection;non
LA ROCHE POSAYanthelios - shaka fluid invisible spf 50 plus;LA ROCHE POSAY;anthelios - shaka fluid invisible spf 50 plus;4;Sun Care;Sun Care : Sun protection;non
VICHYap deo 7 days - treatment cream;VICHY;ap deo 7 days - treatment cream;4;Body Hygiene;Body Hygiene : Deodorants;non
GARNIERskin active - makeup remover microfiber eco pads;GARNIER;skin active - makeup remover microfiber eco pads;4;GMS;GMS : Skin Care;non
L'ORÉAL PROFESSIONNELcurl expression - caring water mist;L'ORÉAL PROFESSIONNEL;curl expression - caring water mist;4;Marques coiffeurs;Coif : Hair Care;non
SVRsensifine ar - anti redness - tinted cream;SVR;sensifine ar - anti redness - tinted cream;4;Face Care;Face Care : Soothing and Anti-redness;non
L'ORÉAL PROFESSIONNELblondifier gloss - illuminating shampoo;L'ORÉAL PROFESSIONNEL;blondifier gloss - illuminating shampoo;4;Marques coiffeurs;Coif : Hair Care;non
VICHYdercos - aminexil clinical 5 men;VICHY;dercos - aminexil clinical 5 men;4;Hair Care;Hair Care : Anti Hair Loss;non
VICHYdercos - aminexil clinical 5 woman;VICHY;dercos - aminexil clinical 5 woman;4;Hair Care;Hair Care : Anti Hair Loss;non
SVRsensifine - hydra cream;SVR;sensifine - hydra cream;4;Face Care;Face Care : Moisturisers;non
LES SECRETS DE LOLYsmoothie ananas - hair milk;LES SECRETS DE LOLY;smoothie ananas - hair milk;4;Hair Care;Hair Care : Dry Hair;non
L'ORÉAL PROFESSIONNELabsolut repair - set;L'ORÉAL PROFESSIONNEL;absolut repair - set;4;Hair Care;Hair Care : Damaged Hair;non
DUCRAYkeracnyl - anti blemishes regulating serum;DUCRAY;keracnyl - anti blemishes regulating serum;4;Face Care;Face Care : Acne Treatments;oui
NEUTROGENAnorwegian formula - intense repair foot cream;NEUTROGENA;norwegian formula - intense repair foot cream;4;Other;Other : Foot Care;non
VICHYdercos - psolution - shampoo;VICHY;dercos - psolution - shampoo;4;Hair Care;Hair Care : Anti-dandruff;non
SVRsebiaclear - micropeel;SVR;sebiaclear - micropeel;4;Face Care;Face Care : Acne Treatments;non
VICHYdermablend - 3d correction - corrective foundation;VICHY;dermablend - 3d correction - corrective foundation;4;Make-up;Make-up : Face;non
GARNIERskin active - vitamin c micellar water;GARNIER;skin active - vitamin c micellar water;4;Face Care;Face Care : Cleansers & make-up removers;non
LA ROCHE POSAYtoleriane multi dimension - mascara;LA ROCHE POSAY;toleriane multi dimension - mascara;4;Make-up;Make-up : Eyes;non
L'ORÉAL PARISvolume millions de cils - extra black - mascara;L'ORÉAL PARIS;volume millions de cils - extra black - mascara;4;Make-up;Make-up : Eyes;non
VICHYliftactiv supreme - night cream;VICHY;liftactiv supreme - night cream;4;Face Care;Face Care : Anti-Aging;non
SVRphysiopure - cleansing oil;SVR;physiopure - cleansing oil;4;Face Care;Face Care : Cleansers & make-up removers;non
SVRhydraliane - light moisturizing cream;SVR;hydraliane - light moisturizing cream;4;Face Care;Face Care : Moisturisers;non
AVÈNEhydrance boost - serum;AVÈNE;hydrance boost - serum;4;Face Care;Face Care : Moisturisers;non
L'ORÉAL PARIStelescopic - mascara;L'ORÉAL PARIS;telescopic - mascara;4;Make-up;Make-up : Eyes;non
LA ROCHE POSAYtoleriane rosaliac ar - moisturizer;LA ROCHE POSAY;toleriane rosaliac ar - moisturizer;4;Face Care;Face Care : Soothing and Anti-redness;non
L'ORÉAL PARISrevitalift laser x3 - day cream spf 20;L'ORÉAL PARIS;revitalift laser x3 - day cream spf 20;4;Face Care;Face Care : Anti-Aging;non
BIODERMAatoderm - pp balm - ultra-nourishing balm;BIODERMA;atoderm - pp balm - ultra-nourishing balm;4;Body Care;Body Care : Body Moisturizer;non
L'ORÉAL PARISrevitalift laser renew - serum;L'ORÉAL PARIS;revitalift laser renew - serum;4;Face Care;Face Care : Anti-Aging;non
AVÈNEcicalfate plus - hydrating skin repairing emulsion;AVÈNE;cicalfate plus - hydrating skin repairing emulsion;4;Healing Care;Healing Care : Skin Repair;non
CAUDALIEvinergetic c plus - overnight detox oil;CAUDALIE;vinergetic c plus - overnight detox oil;4;Face Care;Face Care : Moisturisers;non
ELGYDIUMstyle - electric toothbrush;ELGYDIUM;style - electric toothbrush;4;Elec Toothbrush;Elec Toothbrush : Brush;non
BIODERMAcicabio - soothing repairing cream;BIODERMA;cicabio - soothing repairing cream;4;Healing Care;Healing Care : Skin Repair;non
VICHYneovadiol - post menopause - replenishing anti-sagging day cream;VICHY;neovadiol - post menopause - replenishing anti-sagging day cream;4;Face Care;Face Care : Anti-Aging;non
NEUTROGENAsoothing clear - turmeric clay mask;NEUTROGENA;soothing clear - turmeric clay mask;4;Face Care;Face Care : Cleansers & make-up removers;non
L'ORÉAL PARISrevitalift filler h.a. - 2.5% eye serum;L'ORÉAL PARIS;revitalift filler h.a. - 2.5% eye serum;4;Face Care;Face Care : Anti-Aging;non
MOROCCAN OILrepair - restorative hair mask;MOROCCAN OIL;repair - restorative hair mask;4;Hair Care;Hair Care : Damaged Hair;non
L'ORÉAL PARISrevitalift filler h.a. - 1.5% hyaluronic acid anti-wrinkle serum;L'ORÉAL PARIS;revitalift filler h.a. - 1.5% hyaluronic acid anti-wrinkle serum;4;Face Care;Face Care : Anti-Aging;non
L'ORÉAL PARISelsève - extraordinary oil - midnight serum;L'ORÉAL PARIS;elsève - extraordinary oil - midnight serum;4;GMS;GMS : Hair Care;non
SVRclairial - serum;SVR;clairial - serum;4;Face Care;Face Care : Depigmentation;non
AVÈNEgentle - exfoliating gel;AVÈNE;gentle - exfoliating gel;4;Face Care;Face Care : Cleansers & make-up removers;non
ADERMAavoine rhealba - 24h hydration body lotion;ADERMA;avoine rhealba - 24h hydration body lotion;4;Body Care;Body Care : Body Moisturizer;non
SVRclairial - cream spf 50;SVR;clairial - cream spf 50;4;Face Care;Face Care : Depigmentation;non
MOROCCAN OILready hydrate set - hair & body collection;MOROCCAN OIL;ready hydrate set - hair & body collection;4;Hair Care;Hair Care : Dry Hair;non
SVRc20 biotic - energizing smoothing fluid;SVR;c20 biotic - energizing smoothing fluid;4;Face Care;Face Care : Anti-Aging;non
CAUDALIEvinergetic c plus - vitamin c energy serum;CAUDALIE;vinergetic c plus - vitamin c energy serum;4;Face Care;Face Care : Moisturisers;non
LA ROSÉEorganic apricot oil - sun milk spf 50;LA ROSÉE;organic apricot oil - sun milk spf 50;4;Sun Care;Sun Care : Sun protection;non
CAUDALIEvinosculpt - contouring concentrate;CAUDALIE;vinosculpt - contouring concentrate;4;Body Care;Body Care : Firming care;non
INAVA0.8mm brush - interdental brush;INAVA;0.8mm brush - interdental brush;4;Brush;Brush : Interdental;non
SVRb3 - hydra intensive mask;SVR;b3 - hydra intensive mask;4;Face Care;Face Care : Anti-Aging;non
L'ORÉAL PARISprogress homme - repigmentation gel;L'ORÉAL PARIS;progress homme - repigmentation gel;4;Other;Other : Other products;non
NUXEreve de miel - lip stick;NUXE;reve de miel - lip stick;4;Lips / Hands Care;Lips / Hands : Lip care;non
ADERMAbiology hyalu - 3 in 1 serum;ADERMA;biology hyalu - 3 in 1 serum;4;Face Care;Face Care : Anti-Aging;non
ADERMAexomega control - 2 in 1 emollient cleansing gel;ADERMA;exomega control - 2 in 1 emollient cleansing gel;4;Body Hygiene;Body Hygiene : Syndets;non
SVRap spirial 48h - roll on;SVR;ap spirial 48h - roll on;4;Body Hygiene;Body Hygiene : Deodorants;non
NUXEla fête en rose - set;NUXE;la fête en rose - set;4;Other;Other : Other products;non
BIODERMAhydrabio - gel cream;BIODERMA;hydrabio - gel cream;4;Face Care;Face Care : Moisturisers;non
CERAVEhydrating - hyaluronic acid serum;CERAVE;hydrating - hyaluronic acid serum;4;Face Care;Face Care : Moisturisers;non
ADERMAexomega control - emollient balm;ADERMA;exomega control - emollient balm;4;Body Care;Body Care : Body Moisturizer;oui
BIODERMAnode - shampoo;BIODERMA;node - shampoo;4;Hair Care;Hair Care : Normal Hair;non
KERASTASEsymbiose - bain pureté - anti-dandruff shampoo;KERASTASE;symbiose - bain pureté - anti-dandruff shampoo;4;Hair Care;Hair Care : Anti-dandruff;non
ISDINfotoprotector - facial mist spf 50;ISDIN;fotoprotector - facial mist spf 50;4;Sun Care;Sun Care : Sun protection;non
NEUTROGENAvisibly clear - spot proofing set;NEUTROGENA;visibly clear - spot proofing set;4;Face Care;Face Care : Acne Treatments;non
LA ROCHE POSAYcicaplast b5 - serum;LA ROCHE POSAY;cicaplast b5 - serum;4;Healing Care;Healing Care : Skin Repair;non
LA ROCHE POSAYpure vitamin c10 - renovating serum;LA ROCHE POSAY;pure vitamin c10 - renovating serum;4;Face Care;Face Care : Anti-Aging;non
NUXEreve de miel - ultra comforting face balm;NUXE;reve de miel - ultra comforting face balm;4;Face Care;Face Care : Nourishing;non
L'ORÉAL PARIScasting creme gloss - conditioning colour;L'ORÉAL PARIS;casting creme gloss - conditioning colour;4;GMS;GMS : Hair Care;non
ISDINfusion water - sunscreen spf 50;ISDIN;fusion water - sunscreen spf 50;4;Sun Care;Sun Care : Sun protection;non
AVÈNEcold cream - hand cream;AVÈNE;cold cream - hand cream;4;Lips / Hands Care;Lips / Hands : Hand care;non
NUXEcrème fraiche de beauté - 3 in 1 cream;NUXE;crème fraiche de beauté - 3 in 1 cream;4;Face Care;Face Care : Moisturisers;non
NUXEcrème prodigieuse boost - 5in1 multi-perfection primer;NUXE;crème prodigieuse boost - 5in1 multi-perfection primer;4;Face Care;Face Care : Anti-Aging;non
L'ORÉAL PARISlash paradise - mascara;L'ORÉAL PARIS;lash paradise - mascara;4;Make-up;Make-up : Eyes;non
L'ORÉAL PARISinfaillible matte resistance - liquid lipstick;L'ORÉAL PARIS;infaillible matte resistance - liquid lipstick;4;Make-up;Make-up : Lips;non
SOL DE JANEIRObum bum - body scrub;SOL DE JANEIRO;bum bum - body scrub;4;Body Care;Body Care : Scrubs;non
LA ROCHE POSAYmela b3 - micro-peeling gel;LA ROCHE POSAY;mela b3 - micro-peeling gel;4;Face Care;Face Care : Depigmentation;non
CAUDALIEvinohydra - gel moisturizer;CAUDALIE;vinohydra - gel moisturizer;4;Face Care;Face Care : Moisturisers;non
KLORANEnettle - oil control shampoo;KLORANE;nettle - oil control shampoo;4;Hair Care;Hair Care : Greasy Hair;oui
AVÈNEsensitive skin - solar reflex spf 50;AVÈNE;sensitive skin - solar reflex spf 50;4;Sun Care;Sun Care : Sun protection;non
L'ORÉAL PARISinfaillible - setting spray;L'ORÉAL PARIS;infaillible - setting spray;4;GMS;GMS : Skin Care;non
NUXEvery rose - light cleansing foam;NUXE;very rose - light cleansing foam;4;Face Care;Face Care : Cleansers & make-up removers;non
CERAVEsa smoothing - cream;CERAVE;sa smoothing - cream;4;Body Care;Body Care : Body Moisturizer;non
KLORANEmango - nourishing shampoo;KLORANE;mango - nourishing shampoo;4;Hair Care;Hair Care : Dry Hair;oui
L'ORÉAL PARISinfaillible - more than concealer;L'ORÉAL PARIS;infaillible - more than concealer;4;GMS;GMS : Skin Care;non
KLORANEmango - nourishing conditioner;KLORANE;mango - nourishing conditioner;4;Hair Care;Hair Care : Dry Hair;non
LA ROCHE POSAYhyalu b5 - aquagel spf 30;LA ROCHE POSAY;hyalu b5 - aquagel spf 30;4;Face Care;Face Care : Anti-Aging;non
NUXEhuile prodigieuse - set;NUXE;huile prodigieuse - set;4;Body Care;Body Care : Body Moisturizer;non
RENÉ FURTERERastera - fresh - soothing freshness shampoo;RENÉ FURTERER;astera - fresh - soothing freshness shampoo;4;Hair Care;Hair Care : Sensitive Hair;non
L'ORÉAL PARISfaux brow - brow filling pen;L'ORÉAL PARIS;faux brow - brow filling pen;4;GMS;GMS : Skin Care;non
AVÈNEsensitive skin - hev blue light - fragrance free cream spf 50;AVÈNE;sensitive skin - hev blue light - fragrance free cream spf 50;4;Sun Care;Sun Care : Sun protection;non
EUCERINanti-pigment - night cream;EUCERIN;anti-pigment - night cream;4;Face Care;Face Care : Depigmentation;non
NUXEvery rose - plumping lip serum;NUXE;very rose - plumping lip serum;4;Lips / Hands Care;Lips / Hands : Lip care;non
LA ROCHE POSAYhydraphase - intense light cream;LA ROCHE POSAY;hydraphase - intense light cream;4;Face Care;Face Care : Moisturisers;non
NUXEhuile prodigieuse - floral dry oil;NUXE;huile prodigieuse - floral dry oil;4;Body Care;Body Care : Body Moisturizer;non
KERASTASEnutritive - bain satin 2 - shampoo;KERASTASE;nutritive - bain satin 2 - shampoo;4;Hair Care;Hair Care : Dry Hair;non
KERASTASEnutritive - set;KERASTASE;nutritive - set;4;Hair Care;Hair Care : Dry Hair;non
KERASTASEpremiere - decalcifying repairing pre shampoo;KERASTASE;premiere - decalcifying repairing pre shampoo;4;Hair Care;Hair Care : Damaged Hair;non
EUCERINaquaphor - sos lip repair;EUCERIN;aquaphor - sos lip repair;4;Healing Care;Healing Care : Skin Repair;non
ADERMAcytelium - soothing drying spray;ADERMA;cytelium - soothing drying spray;4;Healing Care;Healing Care : Skin Repair;non
PARODONTAXoriginal - toothpaste;PARODONTAX;original - toothpaste;4;Toothpaste;Toothpaste total;non
LA ROCHE POSAYanthelios - dermo-pediatrics lotion spf 50;LA ROCHE POSAY;anthelios - dermo-pediatrics lotion spf 50;4;Sun Care;Sun Care : Sun protection;non
LA ROCHE POSAYanthelios - anti-shine invisible fresh face mist spf 50;LA ROCHE POSAY;anthelios - anti-shine invisible fresh face mist spf 50;4;Sun Care;Sun Care : Sun protection;non
L'ORÉAL PROFESSIONNELvitamino color spectrum - serum;L'ORÉAL PROFESSIONNEL;vitamino color spectrum - serum;4;Hair Care;Hair Care : Colored Hair;non
CERAVEam - facial moisturizing lotion - spf 25;CERAVE;am - facial moisturizing lotion - spf 25;4;Face Care;Face Care : Moisturisers;non
L'ORÉAL PROFESSIONNELvitamino color - mask;L'ORÉAL PROFESSIONNEL;vitamino color - mask;4;Hair Care;Hair Care : Colored Hair;non
GUMsoft-picks - original medium interdental brush;GUM;soft-picks - original medium interdental brush;3;Brush;Brush : Interdental;non
MOROCCAN OILfinish - luminous hairspray;MOROCCAN OIL;finish - luminous hairspray;3;Hair Care;Hair Care : Styling Products;non
MOROCCAN OILlight tones - dry shampoo;MOROCCAN OIL;light tones - dry shampoo;3;Hair Care;Hair Care : Dry Shampoos;non
MOROCCAN OILrepair - set;MOROCCAN OIL;repair - set;3;Hair Care;Hair Care : Damaged Hair;non
MOROCCAN OILultra-light - treatment mist;MOROCCAN OIL;ultra-light - treatment mist;3;Marques coiffeurs;Coif : Hair Care;non
ADERMAbiology - rich cream;ADERMA;biology - rich cream;3;Face Care;Face Care : Nourishing;non
DUCRAYmelascreen - anti spots radiance serum;DUCRAY;melascreen - anti spots radiance serum;3;Face Care;Face Care : Depigmentation;non
NEUTROGENAnorwegian formula - fast absorbing hand cream;NEUTROGENA;norwegian formula - fast absorbing hand cream;3;Lips / Hands Care;Lips / Hands : Hand care;non
NEUTROGENAnorwegian formula - intense repair body milk;NEUTROGENA;norwegian formula - intense repair body milk;3;Body Care;Body Care : Body Moisturizer;non
NEUTROGENArefreshingly clear pink grapefruit - daily exfoliator;NEUTROGENA;refreshingly clear pink grapefruit - daily exfoliator;3;Face Care;Face Care : Cleansers & make-up removers;non
AVÈNEintolerant skin - tinted compact spf 50;AVÈNE;intolerant skin - tinted compact spf 50;3;Sun Care;Sun Care : Sun protection;non
NEUTROGENAvisibly clear - pink grapefruit facial wash;NEUTROGENA;visibly clear - pink grapefruit facial wash;3;Face Care;Face Care : Acne Treatments;non
AVÈNEinvisible - sun protection spray spf 30;AVÈNE;invisible - sun protection spray spf 30;3;Sun Care;Sun Care : Sun protection;non
ELGYDIUMinter-active soft - toothbrush;ELGYDIUM;inter-active soft - toothbrush;3;Manual Toothbrush;Manual Toothbrush : Adults;non
ELGYDIUMjunior - 7 to 12 yo toothbrush;ELGYDIUM;junior - 7 to 12 yo toothbrush;3;Manual Toothbrush;Manual Toothbrush : Children;non
NUXEmy travel essentials - care set;NUXE;my travel essentials - care set;3;Other;Other : Other products;non
NUXEprodigieux floral - edp;NUXE;prodigieux floral - edp;3;Other;Other : Other products;non
NUXEprodigieux floral - scented shower gel;NUXE;prodigieux floral - scented shower gel;3;Body Hygiene;Body Hygiene : Syndets;non
ELMEXsensitive - mouthwash;ELMEX;sensitive - mouthwash;3;Mouthwash;Mouthwash total;non
ADERMAsoothing - dermatological cleansing bar;ADERMA;soothing - dermatological cleansing bar;3;Body Hygiene;Body Hygiene : Bar Soap;non
NUXEreve de miel - fragrant water;NUXE;reve de miel - fragrant water;3;Other;Other : Fragrances;non
NUXEreve de miel - ultra nourishing lip balm;NUXE;reve de miel - ultra nourishing lip balm;3;Lips / Hands Care;Lips / Hands : Lip care;non
NUXEsun - milky spray face and body spf 20;NUXE;sun - milky spray face and body spf 20;3;Sun Care;Sun Care : Sun protection;non
NUXEsun - tanning oil spf 30;NUXE;sun - tanning oil spf 30;3;Sun Care;Sun Care : Self-tanning;non
NUXEthe essentials - set;NUXE;the essentials - set;3;Other;Other : Other products;non
EUCERINanti-pigment - set;EUCERIN;anti-pigment - set;3;Face Care;Face Care : Depigmentation;non
OLAPLEXlashbond - lash building serum;OLAPLEX;lashbond - lash building serum;3;Hair Care;Hair Care : Damaged Hair;non
PARODONTAXcomplete protection - mouthwash;PARODONTAX;complete protection - mouthwash;3;Mouthwash;Mouthwash total;non
EUCERINaquaphor - repairing ointment;EUCERIN;aquaphor - repairing ointment;3;Healing Care;Healing Care : Skin Repair;non
AVÈNEsensitive skin - blue light - ultra fluid perfector spf 50;AVÈNE;sensitive skin - blue light - ultra fluid perfector spf 50;3;Sun Care;Sun Care : Sun protection;non
ADERMAbiology ac - cleansing foaming gel;ADERMA;biology ac - cleansing foaming gel;3;Face Care;Face Care : Acne Treatments;non
AVÈNEsensitive skin - hev blue light - anti age fluid spf 50;AVÈNE;sensitive skin - hev blue light - anti age fluid spf 50;3;Face Care;Face Care : Anti-Aging;oui
AVÈNEsensitive skin - hev blue light - anti pigmentation tinted fluid spf 50;AVÈNE;sensitive skin - hev blue light - anti pigmentation tinted fluid spf 50;3;Face Care;Face Care : Depigmentation;oui
AVÈNEsensitive skin - hev blue light - cream spf 50;AVÈNE;sensitive skin - hev blue light - cream spf 50;3;Sun Care;Sun Care : Sun protection;non
AVÈNEsensitive skin - hev blue light - ultra light fluid spf 50;AVÈNE;sensitive skin - hev blue light - ultra light fluid spf 50;3;Sun Care;Sun Care : Sun protection;non
RENÉ FURTERERokara - blond - brightening spray;RENÉ FURTERER;okara - blond - brightening spray;3;Hair Care;Hair Care : Colored Hair;non
RENÉ FURTERERstyle - holding gel;RENÉ FURTERER;style - holding gel;3;Hair Care;Hair Care : Styling Products;non
RENÉ FURTERERsublime curl - curl activating shampoo;RENÉ FURTERER;sublime curl - curl activating shampoo;3;Hair Care;Hair Care : Dry Hair;non
RENÉ FURTERERsublime curl - curl activating spray;RENÉ FURTERER;sublime curl - curl activating spray;3;Hair Care;Hair Care : Dry Hair;non
SOL DE JANEIRObrazilian glossy - nourishing hair oil;SOL DE JANEIRO;brazilian glossy - nourishing hair oil;3;Hair Care;Hair Care : Light Reflection;non
SOL DE JANEIRObrazilian joia - conditioner;SOL DE JANEIRO;brazilian joia - conditioner;3;Hair Care;Hair Care : Dry Hair;non
SOL DE JANEIRObrazilian joia - shampoo;SOL DE JANEIRO;brazilian joia - shampoo;3;Hair Care;Hair Care : Dry Hair;non
EUCERINhyaluron filler elasticity - night cream;EUCERIN;hyaluron filler elasticity - night cream;3;Face Care;Face Care : Anti-Aging;non
SOL DE JANEIROglowmotions - set;SOL DE JANEIRO;glowmotions - set;3;Body Care;Body Care : Body Moisturizer;non
EUCERINph5 - shower gel;EUCERIN;ph5 - shower gel;3;Body Hygiene;Body Hygiene : Syndets;non
SVRap spirial vegetal 48h - deo roll on;SVR;ap spirial vegetal 48h - deo roll on;3;Body Hygiene;Body Hygiene : Deodorants;non
SVRcicavit plus - hand cream;SVR;cicavit plus - hand cream;3;Healing Care;Healing Care : Skin Repair;non
EUCERINph5 - shower oil;EUCERIN;ph5 - shower oil;3;Body Hygiene;Body Hygiene : Syndets;non
SVRclairial - cream spf 30;SVR;clairial - cream spf 30;3;Face Care;Face Care : Depigmentation;non
SVRclairial - night peel;SVR;clairial - night peel;3;Face Care;Face Care : Depigmentation;non
SVRcleansing balm - hand wash;SVR;cleansing balm - hand wash;3;Lips / Hands Care;Lips / Hands : Hand care;non
EUCERINsensi-rides - day cream;EUCERIN;sensi-rides - day cream;3;Face Care;Face Care : Anti-Aging;non
SVRgel hydroalcoolique - mains sensibles;SVR;gel hydroalcoolique - mains sensibles;3;Other;Other : Hydroalcoholic Gel;non
EUCERINsun protection - sensitive protect - dry touch gel cream spf 50;EUCERIN;sun protection - sensitive protect - dry touch gel cream spf 50;3;Sun Care;Sun Care : Sun protection;non
SVRspirial - anti-perspirant deodorant;SVR;spirial - anti-perspirant deodorant;3;Body Hygiene;Body Hygiene : Deodorants;non
SVRsun secure - dry oil spf 50;SVR;sun secure - dry oil spf 50;3;Sun Care;Sun Care : Sun protection;non
SVRtopialyse - barriere cream;SVR;topialyse - barriere cream;3;Body Care;Body Care : Body Moisturizer;non
EUCERINurearepair plus - 10% urea body lotion;EUCERIN;urearepair plus - 10% urea body lotion;3;Body Care;Body Care : Body Moisturizer;non
SVRxerial - fissures et crevasses cream;SVR;xerial - fissures et crevasses cream;3;Lips / Hands Care;Lips / Hands : Hand care;non
URIAGEage absolu - redensifying rosy cream;URIAGE;age absolu - redensifying rosy cream;3;Face Care;Face Care : Anti-Aging;non
GARNIERcolor sensation - color shampoo;GARNIER;color sensation - color shampoo;3;Hair Care;Hair Care : Colored Hair;non
URIAGEds hair - soft balancing shampoo;URIAGE;ds hair - soft balancing shampoo;3;Hair Care;Hair Care : Anti-dandruff;non
GARNIERfructis aloe hydra bomb - cream;GARNIER;fructis aloe hydra bomb - cream;3;GMS;GMS : Hair Care;non
URIAGEeau thermale - h.a. booster serum;URIAGE;eau thermale - h.a. booster serum;3;Face Care;Face Care : Moisturisers;non
URIAGEeau thermale - silky body lotion;URIAGE;eau thermale - silky body lotion;3;Body Care;Body Care : Body Moisturizer;non
GARNIERfructis nutri curl - cream;GARNIER;fructis nutri curl - cream;3;GMS;GMS : Hair Care;non
GARNIERgood - permanent hair color;GARNIER;good - permanent hair color;3;Hair Care;Hair Care : Colourants;non
URIAGEthermal micellar water - sensitive skin;URIAGE;thermal micellar water - sensitive skin;3;Face Care;Face Care : Cleansers & make-up removers;non
URIAGEtoléderm - control - soothing care rich;URIAGE;toléderm - control - soothing care rich;3;Face Care;Face Care : Soothing and Anti-redness;non
URIAGExémose - lipid-replenishing anti-irritation cream;URIAGE;xémose - lipid-replenishing anti-irritation cream;3;Body Care;Body Care : Body Moisturizer;non
GARNIERskin active - all in one micellar water;GARNIER;skin active - all in one micellar water;3;Face Care;Face Care : Cleansers & make-up removers;non
VICHY48h ap - sensitive-depilated skin roll-on deo;VICHY;48h ap - sensitive-depilated skin roll-on deo;3;Body Hygiene;Body Hygiene : Deodorants;non
VICHYap deo 24h - ultra fresh - spray;VICHY;ap deo 24h - ultra fresh - spray;3;Body Hygiene;Body Hygiene : Deodorants;non
VICHYap deo 48h - sensitive skin - roll on;VICHY;ap deo 48h - sensitive skin - roll on;3;Body Hygiene;Body Hygiene : Deodorants;non
VICHYap deo 72h - stress resist - roll on;VICHY;ap deo 72h - stress resist - roll on;3;Body Hygiene;Body Hygiene : Deodorants;non
VICHYcapital soleil - uv clear anti imperfections water fluid spf 50;VICHY;capital soleil - uv clear anti imperfections water fluid spf 50;3;Face Care;Face Care : Acne Treatments;non
VICHYdercos - aminexil intensive cure men;VICHY;dercos - aminexil intensive cure men;3;Hair Care;Hair Care : Anti Hair Loss;non
AVÈNEcare for sensitive lips;AVÈNE;care for sensitive lips;3;Lips / Hands Care;Lips / Hands : Lip care;non
GARNIERskin active - vitamin c - serum cream spf 25;GARNIER;skin active - vitamin c - serum cream spf 25;3;GMS;GMS : Skin Care;non
VICHYdercos - mineral soft fortifying shampoo;VICHY;dercos - mineral soft fortifying shampoo;3;Hair Care;Hair Care : Anti Hair Loss;non
VICHYideal soleil - invisible hydrating mist spf 50;VICHY;ideal soleil - invisible hydrating mist spf 50;3;Sun Care;Sun Care : Sun protection;non
GARNIERultra doux - avocado/shea - cream;GARNIER;ultra doux - avocado/shea - cream;3;GMS;GMS : Hair Care;non
VICHYliftactiv collagen specialist 16 - bonding serum;VICHY;liftactiv collagen specialist 16 - bonding serum;3;Face Care;Face Care : Anti-Aging;non
VICHYliftactiv specialist - b3 dark spots cream spf 50;VICHY;liftactiv specialist - b3 dark spots cream spf 50;3;Face Care;Face Care : Depigmentation;non
VICHYliftactiv specialist - b3 dark spots serum;VICHY;liftactiv specialist - b3 dark spots serum;3;Face Care;Face Care : Depigmentation;non
VICHYliftactiv supreme - vitamin c serum;VICHY;liftactiv supreme - vitamin c serum;3;Face Care;Face Care : Anti-Aging;non
BIODERMAatoderm - intensive gel cream;BIODERMA;atoderm - intensive gel cream;3;Body Care;Body Care : Body Moisturizer;non
VICHYmineral 89 - 72h moisture boosting cream;VICHY;mineral 89 - 72h moisture boosting cream;3;Face Care;Face Care : Anti-Aging;non
VICHYmineral 89 - moisture recovery night cream;VICHY;mineral 89 - moisture recovery night cream;3;Face Care;Face Care : Anti-Aging;non
VICHYneovadiol - set;VICHY;neovadiol - set;3;Face Care;Face Care : Anti-Aging;non
VICHYneovadiol longevity - cream;VICHY;neovadiol longevity - cream;3;Face Care;Face Care : Anti-Aging;non
BIODERMAcrealine sensibio - eye contour gel;BIODERMA;crealine sensibio - eye contour gel;3;Face Care;Face Care : Soothing and Anti-redness;non
GUMparoex - 0.12% intensive action mouthwash;GUM;paroex - 0.12% intensive action mouthwash;3;Mouthwash;Mouthwash total;non
VICHYpureté thermale - mineral micellar water;VICHY;pureté thermale - mineral micellar water;3;Face Care;Face Care : Cleansers & make-up removers;non
GUMparoex - 0.12% intensive action toothpaste;GUM;paroex - 0.12% intensive action toothpaste;3;Toothpaste;Toothpaste total;non
GUMsonic daily - electric toothbrush;GUM;sonic daily - electric toothbrush;3;Elec Toothbrush;Elec Toothbrush : Brush;non
AVÈNEcleanance - aha exfoliating serum;AVÈNE;cleanance - aha exfoliating serum;3;Face Care;Face Care : Acne Treatments;non
BIODERMAcrealine sensibio ds - soothing purifying cream;BIODERMA;crealine sensibio ds - soothing purifying cream;3;Healing Care;Healing Care : Seborrheic Dermatitis;non
INAVAconical strands - toothbrush;INAVA;conical strands - toothbrush;3;Manual Toothbrush;Manual Toothbrush : Adults;non
BIODERMAcrealine sensibio h2o eyes - wtp make-up remover;BIODERMA;crealine sensibio h2o eyes - wtp make-up remover;3;Face Care;Face Care : Cleansers & make-up removers;non
BIODERMAcrealine sensibio h2o ts - micellar water;BIODERMA;crealine sensibio h2o ts - micellar water;3;Face Care;Face Care : Cleansers & make-up removers;non
ISDINacniben - set;ISDIN;acniben - set;3;Face Care;Face Care : Acne Treatments;non
AVÈNEcleanance - micellar water;AVÈNE;cleanance - micellar water;3;Face Care;Face Care : Acne Treatments;non
ISDINeryfotona ak - fluid spf 100;ISDIN;eryfotona ak - fluid spf 100;3;Sun Care;Sun Care : Sun protection;non
ISDINeryfotona ak nmsc - fluid spf 100;ISDIN;eryfotona ak nmsc - fluid spf 100;3;Sun Care;Sun Care : Sun protection;non
AVÈNEcleanance - set;AVÈNE;cleanance - set;3;Face Care;Face Care : Acne Treatments;non
AVÈNEcleanance - sunscreen spf 50;AVÈNE;cleanance - sunscreen spf 50;3;Face Care;Face Care : Acne Treatments;non
BIODERMAnode ds plus - anti dandruff shampoo;BIODERMA;node ds plus - anti dandruff shampoo;3;Healing Care;Healing Care : Seborrheic Dermatitis;non
BIODERMAphotoderm - moisturizing self-tanning mist;BIODERMA;photoderm - moisturizing self-tanning mist;3;Sun Care;Sun Care : Self-tanning;non
ISDINgermisdin - intimate hygiene gel;ISDIN;germisdin - intimate hygiene gel;3;Body Hygiene;Body Hygiene : Intimate Hygiene;non
ISDINisdinceutics - rejuvenate retinal intense;ISDIN;isdinceutics - rejuvenate retinal intense;3;Face Care;Face Care : Anti-Aging;non
AVÈNEcold cream - ultra-rich cleansing bar;AVÈNE;cold cream - ultra-rich cleansing bar;3;Body Hygiene;Body Hygiene : Bar Soap;non
BIODERMApigmentbio - brightening daily care spf 50;BIODERMA;pigmentbio - brightening daily care spf 50;3;Face Care;Face Care : Depigmentation;non
ISDINlambdapil - anti hair loss capsules;ISDIN;lambdapil - anti hair loss capsules;3;Hair Care;Hair Care : Anti Hair Loss;non
ISDINlambdapil - anti hair loss shampoo;ISDIN;lambdapil - anti hair loss shampoo;3;Hair Care;Hair Care : Anti Hair Loss;non
ADERMAexomega control - emollient lotion;ADERMA;exomega control - emollient lotion;3;Body Care;Body Care : Body Moisturizer;non
ISDINureadin lotion 10 - body lotion;ISDIN;ureadin lotion 10 - body lotion;3;Body Care;Body Care : Body Moisturizer;non
AVÈNEcouvrance - high definition eye pencil;AVÈNE;couvrance - high definition eye pencil;3;Make-up;Make-up : Eyes;non
KERASTASEchroma absolu - bain riche chroma respect - shampoo;KERASTASE;chroma absolu - bain riche chroma respect - shampoo;3;Hair Care;Hair Care : Colored Hair;non
AVÈNEcouvrance - high tolerance mascara;AVÈNE;couvrance - high tolerance mascara;3;Make-up;Make-up : Eyes;non
BIODERMAsebium sensitive - soothing anti blemish care;BIODERMA;sebium sensitive - soothing anti blemish care;3;Face Care;Face Care : Acne Treatments;non
KERASTASEelixir ultime - le fondant - oil infused conditioner;KERASTASE;elixir ultime - le fondant - oil infused conditioner;3;Hair Care;Hair Care : Dry Hair;non
KERASTASEgenesis homme - thickening molding clay;KERASTASE;genesis homme - thickening molding clay;3;Hair Care;Hair Care : Anti Hair Loss;non
KERASTASEpremiere - decalcifying repairing conditioner;KERASTASE;premiere - decalcifying repairing conditioner;3;Hair Care;Hair Care : Damaged Hair;non
KERASTASEsymbiose - bain creme - anti-dandruff shampoo;KERASTASE;symbiose - bain creme - anti-dandruff shampoo;3;Hair Care;Hair Care : Anti-dandruff;non
KERASTASEsymbiose - exfoliating cellular treatment;KERASTASE;symbiose - exfoliating cellular treatment;3;Marques coiffeurs;Coif : Hair Care;non
CAUDALIEbeauty elixir - set;CAUDALIE;beauty elixir - set;3;Face Care;Face Care : Moisturisers;non
CAUDALIEcrème exfoliante désincrustante;CAUDALIE;crème exfoliante désincrustante;3;Face Care;Face Care : Cleansers & make-up removers;non
KLORANEchamomile - blond highlights lightening spray;KLORANE;chamomile - blond highlights lightening spray;3;Hair Care;Hair Care : Light Reflection;non
KLORANEchamomile - blond highlights shampoo;KLORANE;chamomile - blond highlights shampoo;3;Hair Care;Hair Care : Light Reflection;non
KLORANEcornflower - eye make-up remover;KLORANE;cornflower - eye make-up remover;3;Face Care;Face Care : Cleansers & make-up removers;non
KLORANEcornflower - hydrating night cream;KLORANE;cornflower - hydrating night cream;3;Face Care;Face Care : Moisturisers;non
KLORANEcupuacu - repairing mask;KLORANE;cupuacu - repairing mask;3;Hair Care;Hair Care : Dry Hair;non
KLORANEjunior - detangling shampoo;KLORANE;junior - detangling shampoo;3;Hair Care;Hair Care : Normal Hair;non
CAUDALIEhuile de soin démaquillante;CAUDALIE;huile de soin démaquillante;3;Face Care;Face Care : Cleansers & make-up removers;non
KLORANEoat milk - ultra-gentle conditioner;KLORANE;oat milk - ultra-gentle conditioner;3;Hair Care;Hair Care : Normal Hair;non
CAUDALIEmicellar cleansing water;CAUDALIE;micellar cleansing water;3;Face Care;Face Care : Cleansers & make-up removers;non
L'ORÉAL PARISage perfect - cell renewal - midnight cream;L'ORÉAL PARIS;age perfect - cell renewal - midnight cream;3;Face Care;Face Care : Anti-Aging;non
L'ORÉAL PARIScolor riche - lipstick;L'ORÉAL PARIS;color riche - lipstick;3;Make-up;Make-up : Lips;non
L'ORÉAL PARISelnett - hairspray;L'ORÉAL PARIS;elnett - hairspray;3;GMS;GMS : Hair Care;non
ADERMAbiology - dermatological make-up remover lotion;ADERMA;biology - dermatological make-up remover lotion;3;Face Care;Face Care : Cleansers & make-up removers;non
L'ORÉAL PARISelsève - glycolic gloss - leave in serum;L'ORÉAL PARIS;elsève - glycolic gloss - leave in serum;3;GMS;GMS : Hair Care;non
CAUDALIEvinergetic c plus - vitamin c energy moisturizer;CAUDALIE;vinergetic c plus - vitamin c energy moisturizer;3;Face Care;Face Care : Moisturisers;non
L'ORÉAL PARISelsève - total repair 5 - repairing mask;L'ORÉAL PARIS;elsève - total repair 5 - repairing mask;3;Hair Care;Hair Care : Dry Hair;non
L'ORÉAL PARISelsève dream long - frizz killer serum;L'ORÉAL PARIS;elsève dream long - frizz killer serum;3;GMS;GMS : Hair Care;non
L'ORÉAL PARISelsève fiber booster - conditioner;L'ORÉAL PARIS;elsève fiber booster - conditioner;3;GMS;GMS : Hair Care;non
ADERMAhydrating - hand & nail cream;ADERMA;hydrating - hand & nail cream;3;Lips / Hands Care;Lips / Hands : Hand care;non
L'ORÉAL PARISfine flowers - cleansing milk - dry & sensitive skin;L'ORÉAL PARIS;fine flowers - cleansing milk - dry & sensitive skin;3;GMS;GMS : Skin Care;non
AVÈNEgentle - cleansing foam;AVÈNE;gentle - cleansing foam;3;Face Care;Face Care : Cleansers & make-up removers;non
L'ORÉAL PARISrevitalift filler h.a. - eye cream;L'ORÉAL PARIS;revitalift filler h.a. - eye cream;3;Face Care;Face Care : Anti-Aging;non
L'ORÉAL PARISrevitalift filler h.a. - set;L'ORÉAL PARIS;revitalift filler h.a. - set;3;Face Care;Face Care : Anti-Aging;non
CAUDALIEvinosun - invisible spray spf 30;CAUDALIE;vinosun - invisible spray spf 30;3;Sun Care;Sun Care : Sun protection;non
L'ORÉAL PARIStelescopic lift - mascara;L'ORÉAL PARIS;telescopic lift - mascara;3;Make-up;Make-up : Eyes;non
CAUDALIEvinosun protect - cream spf 30;CAUDALIE;vinosun protect - cream spf 30;3;Sun Care;Sun Care : Sun protection;non
L'ORÉAL PROFESSIONNELabsolut repair - instant resurfacing mask;L'ORÉAL PROFESSIONNEL;absolut repair - instant resurfacing mask;3;Hair Care;Hair Care : Damaged Hair;non
L'ORÉAL PROFESSIONNELpro longer - shampoo;L'ORÉAL PROFESSIONNEL;pro longer - shampoo;3;Marques coiffeurs;Coif : Hair Care;non
L'ORÉAL PROFESSIONNELserioxyl - denser hair serum;L'ORÉAL PROFESSIONNEL;serioxyl - denser hair serum;3;Marques coiffeurs;Coif : Hair Care;non
L'ORÉAL PROFESSIONNELvitamino color spectrum - shampoo;L'ORÉAL PROFESSIONNEL;vitamino color spectrum - shampoo;3;Hair Care;Hair Care : Colored Hair;non
LA ROCHE POSAYanthelios - family spray spf 50;LA ROCHE POSAY;anthelios - family spray spf 50;3;Sun Care;Sun Care : Sun protection;non
CERAVEbalancing - air foam cleanser;CERAVE;balancing - air foam cleanser;3;Face Care;Face Care : Cleansers & make-up removers;non
LA ROCHE POSAYanthelios - invisible spray - ultra protection ultra-light spf 50;LA ROCHE POSAY;anthelios - invisible spray - ultra protection ultra-light spf 50;3;Sun Care;Sun Care : Sun protection;non
LA ROCHE POSAYanthelios - post uv exposure after sun milk;LA ROCHE POSAY;anthelios - post uv exposure after sun milk;3;Sun Care;Sun Care : After Sun;non
LA ROCHE POSAYanthelios age correct - tinted cream spf 50;LA ROCHE POSAY;anthelios age correct - tinted cream spf 50;3;Face Care;Face Care : Anti-Aging;non
CERAVEhydrating - micellar water;CERAVE;hydrating - micellar water;3;Face Care;Face Care : Cleansers & make-up removers;non
LA ROCHE POSAYcicaplast - spray b5;LA ROCHE POSAY;cicaplast - spray b5;3;Healing Care;Healing Care : Skin Repair;non
LA ROCHE POSAYcicaplast b5 - foaming gel;LA ROCHE POSAY;cicaplast b5 - foaming gel;3;Healing Care;Healing Care : Skin Repair;non
CERAVEintensive moisturizing - lotion;CERAVE;intensive moisturizing - lotion;3;Body Care;Body Care : Body Moisturizer;non
LA ROCHE POSAYeffaclar - a.i. targeted imperfection corrector;LA ROCHE POSAY;effaclar - a.i. targeted imperfection corrector;3;Face Care;Face Care : Acne Treatments;non
LA ROCHE POSAYeffaclar - bar soap;LA ROCHE POSAY;effaclar - bar soap;3;Face Care;Face Care : Acne Treatments;non
LA ROCHE POSAYeffaclar - duo (plus);LA ROCHE POSAY;effaclar - duo (plus);3;Face Care;Face Care : Acne Treatments;non
LA ROCHE POSAYeffaclar - micellar water ultra oily skin;LA ROCHE POSAY;effaclar - micellar water ultra oily skin;3;Face Care;Face Care : Acne Treatments;non
LA ROCHE POSAYeffaclar - micro-exfoliating astringent toner;LA ROCHE POSAY;effaclar - micro-exfoliating astringent toner;3;Face Care;Face Care : Acne Treatments;non
LA ROCHE POSAYeffaclar h iso-biome - soothing hydrating care;LA ROCHE POSAY;effaclar h iso-biome - soothing hydrating care;3;Face Care;Face Care : Acne Treatments;non
LA ROCHE POSAYeffaclar plus m - purifying foaming gel;LA ROCHE POSAY;effaclar plus m - purifying foaming gel;3;Face Care;Face Care : Acne Treatments;non
LA ROCHE POSAYhydraphase ha - light moisturizer spf 25;LA ROCHE POSAY;hydraphase ha - light moisturizer spf 25;3;Face Care;Face Care : Moisturisers;non
LA ROCHE POSAYlipikar surgras - anti dryness wash cream;LA ROCHE POSAY;lipikar surgras - anti dryness wash cream;3;Body Hygiene;Body Hygiene : Syndets;non
AVÈNEgentle - shower gel;AVÈNE;gentle - shower gel;3;Body Hygiene;Body Hygiene : Syndets;non
CERAVEskin renewing - peptide cream;CERAVE;skin renewing - peptide cream;3;Face Care;Face Care : Other Face Care Products;non
LA ROCHE POSAYmela b3 - uv sunscreen spf 30;LA ROCHE POSAY;mela b3 - uv sunscreen spf 30;3;Face Care;Face Care : Depigmentation;non
LA ROCHE POSAYpure niacinamide 10 - serum;LA ROCHE POSAY;pure niacinamide 10 - serum;3;Face Care;Face Care : Anti-Aging;non
DEXERYLdexeryl - cleansing oil;DEXERYL;dexeryl - cleansing oil;3;Body Hygiene;Body Hygiene : Syndets;non
DEXERYLdexeryl - rich body milk;DEXERYL;dexeryl - rich body milk;3;Body Care;Body Care : Body Moisturizer;non
LA ROCHE POSAYretinol b3 - regenerating serum;LA ROCHE POSAY;retinol b3 - regenerating serum;3;Face Care;Face Care : Anti-Aging;non
LA ROCHE POSAYserozinc - zinc sulfate solution;LA ROCHE POSAY;serozinc - zinc sulfate solution;3;Face Care;Face Care : Acne Treatments;non
LA ROCHE POSAYthermal water - thermal spring water;LA ROCHE POSAY;thermal water - thermal spring water;3;Face Care;Face Care : Thermal Spring Waters;non
LA ROCHE POSAYtoleriane - soothing protective skincare;LA ROCHE POSAY;toleriane - soothing protective skincare;3;Face Care;Face Care : Soothing and Anti-redness;non
LA ROCHE POSAYtoleriane dermallergo - night moisturizer;LA ROCHE POSAY;toleriane dermallergo - night moisturizer;3;Face Care;Face Care : Soothing and Anti-redness;non
LA ROCHE POSAYtoleriane wtp - mascara;LA ROCHE POSAY;toleriane wtp - mascara;3;Make-up;Make-up : Eyes;non
LA ROSÉEorganic chamomile - moisturizing tonic lotion;LA ROSÉE;organic chamomile - moisturizing tonic lotion;3;Face Care;Face Care : Cleansers & make-up removers;non
LA ROSÉEorganic shea butter - moisturizing cream;LA ROSÉE;organic shea butter - moisturizing cream;3;Face Care;Face Care : Moisturisers;non
LA ROSÉEorganic sunflower seed oil - cleansing shower oil;LA ROSÉE;organic sunflower seed oil - cleansing shower oil;3;Body Hygiene;Body Hygiene : Syndets;non
LES SECRETS DE LOLYbubble smooth - kids conditioner;LES SECRETS DE LOLY;bubble smooth - kids conditioner;3;Hair Care;Hair Care : Dry Hair;non
BIODERMAsebium - night peel;BIODERMA;sebium - night peel;2;Face Care;Face Care : Acne Treatments;non
ISDINsi-nails - nail strengthener;ISDIN;si-nails - nail strengthener;2;Other;Other : Nail Care;non
ISDINnutratopic pro amp - face cream;ISDIN;nutratopic pro amp - face cream;2;Face Care;Face Care : Moisturisers;non
ISDINnutradeica - facial gel cream;ISDIN;nutradeica - facial gel cream;2;Healing Care;Healing Care : Seborrheic Dermatitis;non
BIODERMAphotoderm xdefense - ultra-fluid sunscreen spf 50;BIODERMA;photoderm xdefense - ultra-fluid sunscreen spf 50;2;Sun Care;Sun Care : Sun protection;non
L'ORÉAL PARISmake up remover;L'ORÉAL PARIS;make up remover;2;GMS;GMS : Skin Care;non
ADERMAbiology ac global - anti blemish mattifying care;ADERMA;biology ac global - anti blemish mattifying care;2;Face Care;Face Care : Acne Treatments;non
BIODERMAphotoderm m - tinted protective cream spf 50;BIODERMA;photoderm m - tinted protective cream spf 50;2;Face Care;Face Care : Depigmentation;non
AVÈNEcold cream - cream;AVÈNE;cold cream - cream;2;Body Care;Body Care : Body Moisturizer;non
ISDINgermisdin - soap-free bath gel aloe vera;ISDIN;germisdin - soap-free bath gel aloe vera;2;Body Hygiene;Body Hygiene : Syndets;non
ISDINgermisdin - deodorant;ISDIN;germisdin - deodorant;2;Body Hygiene;Body Hygiene : Deodorants;non
ISDINfusion water - magic repair spf 50;ISDIN;fusion water - magic repair spf 50;2;Sun Care;Sun Care : Sun protection;non
L'ORÉAL PARISmen expert - hydra energy moisturising care spf 15;L'ORÉAL PARIS;men expert - hydra energy moisturising care spf 15;2;Men Care;Men Care : Skin Care;non
BIODERMAphotoderm akn mat - mattifying fluid spf 30;BIODERMA;photoderm akn mat - mattifying fluid spf 30;2;Face Care;Face Care : Acne Treatments;non
BIODERMAnode k - shampoo;BIODERMA;node k - shampoo;2;Hair Care;Hair Care : Anti-dandruff;non
L'ORÉAL PARISmen expert - magnesium defence sensitive 24 h moisturizing cream;L'ORÉAL PARIS;men expert - magnesium defence sensitive 24 h moisturizing cream;2;Men Care;Men Care : Skin Care;non
L'ORÉAL PARISmen expert - power age face cream;L'ORÉAL PARIS;men expert - power age face cream;2;GMS;GMS : Skin Care;non
ISDINfoto ultra 100 - active unify fusion spf 50;ISDIN;foto ultra 100 - active unify fusion spf 50;2;Face Care;Face Care : Depigmentation;non
L'ORÉAL PARISmen expert - power age serum;L'ORÉAL PARIS;men expert - power age serum;2;Men Care;Men Care : Skin Care;non
AVÈNEcleanance - hev blue light - tinted sunscreen spf 50;AVÈNE;cleanance - hev blue light - tinted sunscreen spf 50;2;Face Care;Face Care : Acne Treatments;non
AVÈNEcleanance - hev blue light - sunscreen spf 50;AVÈNE;cleanance - hev blue light - sunscreen spf 50;2;Face Care;Face Care : Acne Treatments;non
ISDINafter sun - lotion;ISDIN;after sun - lotion;2;Sun Care;Sun Care : After Sun;non
L'ORÉAL PARISparadise big deal - mascara wtp;L'ORÉAL PARIS;paradise big deal - mascara wtp;2;Make-up;Make-up : Eyes;non
ISDINacniben repair - lip balm;ISDIN;acniben repair - lip balm;2;Face Care;Face Care : Acne Treatments;non
ADERMAexomega allergo - emollient balm;ADERMA;exomega allergo - emollient balm;2;Body Care;Body Care : Body Moisturizer;non
L'ORÉAL PARISprime lab - 24h pore minimizer primer;L'ORÉAL PARIS;prime lab - 24h pore minimizer primer;2;GMS;GMS : Skin Care;non
L'ORÉAL PARISpro xxl - extension - mascara;L'ORÉAL PARIS;pro xxl - extension - mascara;2;Make-up;Make-up : Eyes;non
BIODERMAcrealine sensibio h2o ar - micellar water;BIODERMA;crealine sensibio h2o ar - micellar water;2;Face Care;Face Care : Soothing and Anti-redness;non
BIODERMAcrealine sensibio ds - soothing purifying cleansing gel;BIODERMA;crealine sensibio ds - soothing purifying cleansing gel;2;Healing Care;Healing Care : Seborrheic Dermatitis;non
L'ORÉAL PARISrevitalift - day cream;L'ORÉAL PARIS;revitalift - day cream;2;Face Care;Face Care : Anti-Aging;non
BIODERMAcrealine sensibio défensive - serum;BIODERMA;crealine sensibio défensive - serum;2;Face Care;Face Care : Soothing and Anti-redness;non
BIODERMAcrealine sensibio defensive - rich cream;BIODERMA;crealine sensibio defensive - rich cream;2;Face Care;Face Care : Soothing and Anti-redness;non
BIODERMAcrealine sensibio ar - cc cream spf 50;BIODERMA;crealine sensibio ar - cc cream spf 50;2;Face Care;Face Care : Soothing and Anti-redness;non
BIODERMAcrealine sensibio ar - anti-redness sos spray;BIODERMA;crealine sensibio ar - anti-redness sos spray;2;Face Care;Face Care : Soothing and Anti-redness;non
LA ROCHE POSAYtoleriane rosaliac ar - moisturizer spf 30;LA ROCHE POSAY;toleriane rosaliac ar - moisturizer spf 30;2;Face Care;Face Care : Soothing and Anti-redness;non
L'ORÉAL PARISrevitalift - glass skin hydrogel glow mask;L'ORÉAL PARIS;revitalift - glass skin hydrogel glow mask;2;Face Care;Face Care : Anti-Aging;non
AVÈNEcicalfate plus - scar gel;AVÈNE;cicalfate plus - scar gel;2;Healing Care;Healing Care : Skin Repair;non
GUMsensivital plus - toothpaste;GUM;sensivital plus - toothpaste;2;Toothpaste;Toothpaste total;non
GUMsensivital - toothbrush;GUM;sensivital - toothbrush;2;Manual Toothbrush;Manual Toothbrush : Adults;non
GUMpro-sensitive - toothbrush;GUM;pro-sensitive - toothbrush;2;Manual Toothbrush;Manual Toothbrush : Adults;non
VICHYpureté thermale - 3-in-1 one step cleanser sensitive skin;VICHY;pureté thermale - 3-in-1 one step cleanser sensitive skin;2;Face Care;Face Care : Cleansers & make-up removers;non
L'ORÉAL PARISrevitalift clinical - anti uv fluid spf 50;L'ORÉAL PARIS;revitalift clinical - anti uv fluid spf 50;2;Face Care;Face Care : Anti-Aging;non
CAUDALIEvinosource hydra - sos moisturizing cream;CAUDALIE;vinosource hydra - sos moisturizing cream;2;Face Care;Face Care : Moisturisers;non
VICHYnutrilogie - 2 intense cream;VICHY;nutrilogie - 2 intense cream;2;Face Care;Face Care : Nourishing;non
VICHYnormaderm phytosolution - intensive purifying gel;VICHY;normaderm phytosolution - intensive purifying gel;2;Face Care;Face Care : Acne Treatments;non
GUMhydral - toothpaste;GUM;hydral - toothpaste;2;Toothpaste;Toothpaste total;non
L'ORÉAL PARISrevitalift filler h.a. - day cream;L'ORÉAL PARIS;revitalift filler h.a. - day cream;2;Face Care;Face Care : Anti-Aging;non
DUCRAYdexyane med - soothing repair cream;DUCRAY;dexyane med - soothing repair cream;2;Eczema Treatment;Eczema Treatment;oui
L'ORÉAL PARISrevitalift filler h.a. - gel cream;L'ORÉAL PARIS;revitalift filler h.a. - gel cream;2;Face Care;Face Care : Anti-Aging;non
VICHYneovadiol - rose platinium - day cream;VICHY;neovadiol - rose platinium - day cream;2;Face Care;Face Care : Anti-Aging;non
AVÈNEles essentiels - soothing mask;AVÈNE;les essentiels - soothing mask;2;Face Care;Face Care : Cleansers & make-up removers;non
VICHYneovadiol - post menopause - replenishing firming night cream;VICHY;neovadiol - post menopause - replenishing firming night cream;2;Face Care;Face Care : Anti-Aging;non
L'ORÉAL PARISrevitalift laser - night cream;L'ORÉAL PARIS;revitalift laser - night cream;2;Face Care;Face Care : Anti-Aging;non
LA ROCHE POSAYtoleriane teint - blush;LA ROCHE POSAY;toleriane teint - blush;2;Make-up;Make-up : Face;non
VICHYneovadiol - peri & post menopause - meno 5 bi serum;VICHY;neovadiol - peri & post menopause - meno 5 bi serum;2;Face Care;Face Care : Anti-Aging;non
AVÈNEcicalfate plus - absorbing repair spray;AVÈNE;cicalfate plus - absorbing repair spray;2;Healing Care;Healing Care : Skin Repair;non
VICHYmineral 89 - set;VICHY;mineral 89 - set;2;Face Care;Face Care : Anti-Aging;non
VICHYmineral 89 - fortifying recovery eyes;VICHY;mineral 89 - fortifying recovery eyes;2;Face Care;Face Care : Anti-Aging;non
L'ORÉAL PARISrevitalift laser x3 - night cream;L'ORÉAL PARIS;revitalift laser x3 - night cream;2;Face Care;Face Care : Anti-Aging;non
GARNIERultra doux - honey treasures - shampoo;GARNIER;ultra doux - honey treasures - shampoo;2;GMS;GMS : Hair Care;non
VICHYmen - structure force - anti aging moisturizer;VICHY;men - structure force - anti aging moisturizer;2;Men Care;Men Care : Skin Care;non
VICHYmen - set;VICHY;men - set;2;Men Care;Men Care : Skin Care;non
VICHYmen - mineral sensi balm - after-shave balm;VICHY;men - mineral sensi balm - after-shave balm;2;Men Care;Men Care : Pre/Post - Shave care;non
L'ORÉAL PARISstudio line - invisi fix mineral gel;L'ORÉAL PARIS;studio line - invisi fix mineral gel;2;GMS;GMS : Hair Care;non
L'ORÉAL PARISstudio line - invisi fix mineral gel cream;L'ORÉAL PARIS;studio line - invisi fix mineral gel cream;2;GMS;GMS : Hair Care;non
VICHYmen - hydra mag c anti-fatigue moisturizer for face and eyes;VICHY;men - hydra mag c anti-fatigue moisturizer for face and eyes;2;Men Care;Men Care : Skin Care;non
NUXEhuile prodigieuse néroli - multi-purpose dry oil;NUXE;huile prodigieuse néroli - multi-purpose dry oil;2;Body Care;Body Care : Body Moisturizer;non
GARNIERultra doux - delicate oat - 1 mn mask;GARNIER;ultra doux - delicate oat - 1 mn mask;2;GMS;GMS : Hair Care;non
BIODERMAatoderm - hand and nail cream;BIODERMA;atoderm - hand and nail cream;2;Lips / Hands Care;Lips / Hands : Hand care;non
ELGYDIUMsensileave - gel;ELGYDIUM;sensileave - gel;2;Hyposialia;Hyposialia : COS;non
GARNIERultra doux - charcoal nigella seed - shampoo;GARNIER;ultra doux - charcoal nigella seed - shampoo;2;GMS;GMS : Hair Care;non
VICHYliftactiv collagen specialist 16 - set;VICHY;liftactiv collagen specialist 16 - set;2;Face Care;Face Care : Anti-Aging;non
L'ORÉAL PARISvolume millions de cils wtp - mascara;L'ORÉAL PARIS;volume millions de cils wtp - mascara;2;Make-up;Make-up : Eyes;non
VICHYliftactiv collagen specialist - eye care;VICHY;liftactiv collagen specialist - eye care;2;Face Care;Face Care : Anti-Aging;non
GARNIERultra doux - avocado/shea - shampoo;GARNIER;ultra doux - avocado/shea - shampoo;2;GMS;GMS : Hair Care;non
BIODERMAatoderm - 3 in 1 intensive eye care;BIODERMA;atoderm - 3 in 1 intensive eye care;2;Eczema Treatment;Eczema Treatment;non
L'ORÉAL PROFESSIONNELabsolut repair - golden professional mask;L'ORÉAL PROFESSIONNEL;absolut repair - golden professional mask;2;Hair Care;Hair Care : Damaged Hair;non
GARNIERskin naturals - eye makeup remover 2 in 1;GARNIER;skin naturals - eye makeup remover 2 in 1;2;GMS;GMS : Skin Care;non
DUCRAYelution - rebalancing shampoo;DUCRAY;elution - rebalancing shampoo;2;Hair Care;Hair Care : Anti-dandruff;non
L'ORÉAL PROFESSIONNELabsolut repair - instant resurfacing shampoo;L'ORÉAL PROFESSIONNEL;absolut repair - instant resurfacing shampoo;2;Hair Care;Hair Care : Damaged Hair;non
L'ORÉAL PROFESSIONNELabsolut repair - mask;L'ORÉAL PROFESSIONNEL;absolut repair - mask;2;Hair Care;Hair Care : Damaged Hair;non
VICHYideal soleil - self tanning moisturising milk;VICHY;ideal soleil - self tanning moisturising milk;2;Sun Care;Sun Care : Self-tanning;non
GARNIERskin active - vitamin c daily uv fluid spf 50;GARNIER;skin active - vitamin c daily uv fluid spf 50;2;GMS;GMS : Skin Care;non
VICHYdercos - sebo corrector oil control - shampoo;VICHY;dercos - sebo corrector oil control - shampoo;2;Hair Care;Hair Care : Greasy Hair;non
AVÈNExeracalm nutrition - moisturizing lotion;AVÈNE;xeracalm nutrition - moisturizing lotion;2;Body Care;Body Care : Body Moisturizer;non
L'ORÉAL PROFESSIONNELabsolut repair - molecular - set;L'ORÉAL PROFESSIONNEL;absolut repair - molecular - set;2;Hair Care;Hair Care : Damaged Hair;non
VICHYdercos - anti-dandruff ds shampoo dry hair;VICHY;dercos - anti-dandruff ds shampoo dry hair;2;Healing Care;Healing Care : Seborrheic Dermatitis;non
VICHYdercos - anti-dandruff ds dermatological shampoo;VICHY;dercos - anti-dandruff ds dermatological shampoo;2;Healing Care;Healing Care : Seborrheic Dermatitis;non
L'ORÉAL PROFESSIONNELaminexil advanced - treatment;L'ORÉAL PROFESSIONNEL;aminexil advanced - treatment;2;Hair Care;Hair Care : Anti Hair Loss;non
VICHYdercos - aminexil clinical regen booster - renewing serum;VICHY;dercos - aminexil clinical regen booster - renewing serum;2;Hair Care;Hair Care : Anti Hair Loss;non
L'ORÉAL PROFESSIONNELblondifier - mask;L'ORÉAL PROFESSIONNEL;blondifier - mask;2;Marques coiffeurs;Coif : Hair Care;non
GARNIERskin active - micellar cleansing water - aloe / hyaluronic acid;GARNIER;skin active - micellar cleansing water - aloe / hyaluronic acid;2;Face Care;Face Care : Cleansers & make-up removers;non
VICHYcapital soleil - uv age daily tinted fluid spf 50;VICHY;capital soleil - uv age daily tinted fluid spf 50;2;Face Care;Face Care : Anti-Aging;non
GARNIERskin active - micellar cleansing water;GARNIER;skin active - micellar cleansing water;2;Face Care;Face Care : Cleansers & make-up removers;non
GARNIERskin active - hydra bomb sheet mask;GARNIER;skin active - hydra bomb sheet mask;2;GMS;GMS : Skin Care;non
VICHYap deo 24h - dry touch - stick;VICHY;ap deo 24h - dry touch - stick;2;Body Hygiene;Body Hygiene : Deodorants;non
GARNIERskin active - bha niacinamide daily uv fluid spf 50;GARNIER;skin active - bha niacinamide daily uv fluid spf 50;2;GMS;GMS : Skin Care;non
URIAGExémose - set;URIAGE;xémose - set;2;Body Care;Body Care : Body Moisturizer;non
URIAGExémose - lipid-replenishing anti-irritation cerat;URIAGE;xémose - lipid-replenishing anti-irritation cerat;2;Body Care;Body Care : Body Moisturizer;non
GARNIERpure active - bha purifying cleanser;GARNIER;pure active - bha purifying cleanser;2;Face Care;Face Care : Acne Treatments;non
URIAGEroséliane - dermo-cleansing fluid - sensitive skin;URIAGE;roséliane - dermo-cleansing fluid - sensitive skin;2;Face Care;Face Care : Soothing and Anti-redness;non
URIAGEroséliane - anti redness cream;URIAGE;roséliane - anti redness cream;2;Face Care;Face Care : Soothing and Anti-redness;non
L'ORÉAL PROFESSIONNELliss unlimited - intensive smoother mask;L'ORÉAL PROFESSIONNEL;liss unlimited - intensive smoother mask;2;Marques coiffeurs;Coif : Hair Care;non
URIAGEpower 3 - deodorant - roll-on;URIAGE;power 3 - deodorant - roll-on;2;Body Hygiene;Body Hygiene : Deodorants;non
URIAGEkératosane 30 - gel cream 30% urea;URIAGE;kératosane 30 - gel cream 30% urea;2;Body Care;Body Care : Body Moisturizer;non
GARNIERhair food - hydrating aloe vera - mask;GARNIER;hair food - hydrating aloe vera - mask;2;GMS;GMS : Hair Care;non
AVÈNEantirougeurs calm - soothing mask;AVÈNE;antirougeurs calm - soothing mask;2;Face Care;Face Care : Soothing and Anti-redness;non
URIAGEhydratation - glow up water essence;URIAGE;hydratation - glow up water essence;2;Face Care;Face Care : Moisturisers;non
L'ORÉAL PROFESSIONNELmetal detox - pre-treatment;L'ORÉAL PROFESSIONNEL;metal detox - pre-treatment;2;Marques coiffeurs;Coif : Hair Care;non
AVÈNEtolérance control - set;AVÈNE;tolérance control - set;2;Body Care;Body Care : Body Moisturizer;non
L'ORÉAL PROFESSIONNELmetal detox - set;L'ORÉAL PROFESSIONNEL;metal detox - set;2;Marques coiffeurs;Coif : Hair Care;non
URIAGEhydratation - extra-rich dermatological gel;URIAGE;hydratation - extra-rich dermatological gel;2;Face Care;Face Care : Moisturisers;non
NUXEhair prodigieux - detangling leave in hair milk;NUXE;hair prodigieux - detangling leave in hair milk;2;Hair Care;Hair Care : Dry Hair;non
URIAGEhydratation - cleansing face oil - normal to dry;URIAGE;hydratation - cleansing face oil - normal to dry;2;Face Care;Face Care : Cleansers & make-up removers;non
URIAGEhydratation - cleansing cream;URIAGE;hydratation - cleansing cream;2;Face Care;Face Care : Cleansers & make-up removers;non
URIAGEgyn phy - intimate hygiene refreshing gel;URIAGE;gyn phy - intimate hygiene refreshing gel;2;Body Hygiene;Body Hygiene : Intimate Hygiene;non
L'ORÉAL PROFESSIONNELscalp advanced - dermo-regulator shampoo;L'ORÉAL PROFESSIONNEL;scalp advanced - dermo-regulator shampoo;2;Marques coiffeurs;Coif : Hair Care;non
GARNIERfructis hydra liss 72h - shampoo;GARNIER;fructis hydra liss 72h - shampoo;2;GMS;GMS : Hair Care;non
NUXEcrème prodigieuse boost - eye balm gel;NUXE;crème prodigieuse boost - eye balm gel;2;Face Care;Face Care : Anti-Aging;non
L'ORÉAL PROFESSIONNELsilver - shampoo;L'ORÉAL PROFESSIONNEL;silver - shampoo;2;Marques coiffeurs;Coif : Hair Care;non
GARNIERfructis hydra liss 72h - mask;GARNIER;fructis hydra liss 72h - mask;2;GMS;GMS : Hair Care;non
GARNIERfructis damage eraser pro keratin hair bomb - mask;GARNIER;fructis damage eraser pro keratin hair bomb - mask;2;Hair Care;Hair Care : Damaged Hair;non
URIAGEeau thermale - uriage thermal water;URIAGE;eau thermale - uriage thermal water;2;Face Care;Face Care : Thermal Spring Waters;non
URIAGEeau thermale - spray;URIAGE;eau thermale - spray;2;Face Care;Face Care : Thermal Spring Waters;non
URIAGEeau thermale - repairing thermal water;URIAGE;eau thermale - repairing thermal water;2;Face Care;Face Care : Thermal Spring Waters;non
L'ORÉAL PROFESSIONNELtecni art - full volume - mousse;L'ORÉAL PROFESSIONNEL;tecni art - full volume - mousse;2;Marques coiffeurs;Coif : Hair Care;non
URIAGEeau thermale - moisturizing lipstick;URIAGE;eau thermale - moisturizing lipstick;2;Lips / Hands Care;Lips / Hands : Lip care;non
AVÈNEantirougeurs - soothing cream spf 30;AVÈNE;antirougeurs - soothing cream spf 30;2;Face Care;Face Care : Soothing and Anti-redness;non
GARNIERfructis - curl method mask;GARNIER;fructis - curl method mask;2;GMS;GMS : Hair Care;non
AVÈNEsoothing - radiance mask;AVÈNE;soothing - radiance mask;2;Face Care;Face Care : Soothing and Anti-redness;non
CERAVEadvanced - repair ointment;CERAVE;advanced - repair ointment;2;Body Care;Body Care : Body Moisturizer;non
GARNIERcolor sensation;GARNIER;color sensation;2;Hair Care;Hair Care : Colourants;non
CERAVEaha bha - anti acne cream;CERAVE;aha bha - anti acne cream;2;Face Care;Face Care : Acne Treatments;non
GARNIERambre solaire kids - sensitive advanced spray spf 50;GARNIER;ambre solaire kids - sensitive advanced spray spf 50;2;Sun Care;Sun Care : Sun protection;non
URIAGEbariésun - invisible stick - spf 50;URIAGE;bariésun - invisible stick - spf 50;2;Sun Care;Sun Care : Sun protection;non
URIAGEbariéderm cica - repairing cream;URIAGE;bariéderm cica - repairing cream;2;Healing Care;Healing Care : Skin Repair;non
GARNIERambre solaire - uv water spray spf 50;GARNIER;ambre solaire - uv water spray spf 50;2;GMS;GMS : Skin Care;non
ADERMAavoine rhealba - hydra protective shower gel;ADERMA;avoine rhealba - hydra protective shower gel;2;Body Hygiene;Body Hygiene : Syndets;oui
GARNIERambre solaire - natural bronzer self tan body mist;GARNIER;ambre solaire - natural bronzer self tan body mist;2;GMS;GMS : Skin Care;non
AVÈNEsensitive skin - sunsistick ka spf 50;AVÈNE;sensitive skin - sunsistick ka spf 50;2;Sun Care;Sun Care : Sun protection;non
AVÈNEsensitive skin - sunsimed ka spf 50;AVÈNE;sensitive skin - sunsimed ka spf 50;2;Sun Care;Sun Care : Sun protection;non
NUXEcrème fraiche de beauté - eye flash cream;NUXE;crème fraiche de beauté - eye flash cream;2;Face Care;Face Care : Moisturisers;non
URIAGEage absolu - redensifying sleeping mask;URIAGE;age absolu - redensifying sleeping mask;2;Face Care;Face Care : Anti-Aging;non
SVRxerial dm - psoriasis care;SVR;xerial dm - psoriasis care;2;Body Care;Body Care : Body Moisturizer;non
NEUTROGENAvisibly clear - shine and pore face scrub;NEUTROGENA;visibly clear - shine and pore face scrub;2;Face Care;Face Care : Acne Treatments;non
LA ROCHE POSAYanthelios - invisible spray - ultra protection spf 50;LA ROCHE POSAY;anthelios - invisible spray - ultra protection spf 50;2;Sun Care;Sun Care : Sun protection;non
ELGYDIUMfix - dental prothesis adhesive cream;ELGYDIUM;fix - dental prothesis adhesive cream;2;Denture Products;Denture Products : Fixative;non
CERAVEblemish barrier - patches;CERAVE;blemish barrier - patches;2;Face Care;Face Care : Acne Treatments;non
AVÈNEsensitive skin - sunscreen tinted cream spf 50;AVÈNE;sensitive skin - sunscreen tinted cream spf 50;2;Sun Care;Sun Care : Sun protection;non
SVRtopialyse - lip care;SVR;topialyse - lip care;2;Lips / Hands Care;Lips / Hands : Lip care;non
LA ROSÉEorganic aloe vera - anti fatigue eye contour stick;LA ROSÉE;organic aloe vera - anti fatigue eye contour stick;2;Face Care;Face Care : Other Face Care Products;non
SVRtopialyse - intensive mask;SVR;topialyse - intensive mask;2;Face Care;Face Care : Moisturisers;non
EUCERINurearepair - 5% urea face cream;EUCERIN;urearepair - 5% urea face cream;2;Face Care;Face Care : Moisturisers;non
SVRsun secure - crackling milk spf 50;SVR;sun secure - crackling milk spf 50;2;Sun Care;Sun Care : Sun protection;non
SVRsensifine ar - cream spf 50;SVR;sensifine ar - cream spf 50;2;Face Care;Face Care : Soothing and Anti-redness;non
LA ROCHE POSAYanthelios - shaka invisible spray spf 50;LA ROCHE POSAY;anthelios - shaka invisible spray spf 50;2;Sun Care;Sun Care : Sun protection;non
SVRsensifine ar - anti-redness soothing cream;SVR;sensifine ar - anti-redness soothing cream;2;Face Care;Face Care : Soothing and Anti-redness;non
SVRsensifine - makeup removing cleanser;SVR;sensifine - makeup removing cleanser;2;Face Care;Face Care : Cleansers & make-up removers;non
LA ROSÉEorganic aloe vera - gentle face scrub;LA ROSÉE;organic aloe vera - gentle face scrub;2;Face Care;Face Care : Cleansers & make-up removers;non
SVRsensifine - eye cleanser;SVR;sensifine - eye cleanser;2;Face Care;Face Care : Cleansers & make-up removers;non
AVÈNEsensitive skin - sunscreen spray spf 50;AVÈNE;sensitive skin - sunscreen spray spf 50;2;Sun Care;Sun Care : Sun protection;oui
SVRsebiaclear - purifying - micellar water;SVR;sebiaclear - purifying - micellar water;2;Face Care;Face Care : Acne Treatments;non
SVRphysiopure - micellar water;SVR;physiopure - micellar water;2;Face Care;Face Care : Cleansers & make-up removers;non
AVÈNEsensitive skin - sunscreen lotion spf 50;AVÈNE;sensitive skin - sunscreen lotion spf 50;2;Sun Care;Sun Care : Sun protection;non
EUCERINsensi-rides - night cream;EUCERIN;sensi-rides - night cream;2;Face Care;Face Care : Anti-Aging;non
AVÈNEsensitive skin - sunscreen fluid spf 50;AVÈNE;sensitive skin - sunscreen fluid spf 50;2;Sun Care;Sun Care : Sun protection;non
SVRcicavit dm plus - anti scar gel;SVR;cicavit dm plus - anti scar gel;2;Healing Care;Healing Care : Skin Repair;non
SVRc20 biotic - regenerating radiance cream;SVR;c20 biotic - regenerating radiance cream;2;Face Care;Face Care : Anti-Aging;non
SVRc20 - biotic - renegering cream eclat;SVR;c20 - biotic - renegering cream eclat;2;Face Care;Face Care : Anti-Aging;non
SVRb3 - essence hydra;SVR;b3 - essence hydra;2;Face Care;Face Care : Moisturisers;non
SVRap spirial 48h ssa - roll on;SVR;ap spirial 48h ssa - roll on;2;Body Hygiene;Body Hygiene : Deodorants;non
AVÈNEgentle - eye makeup remover;AVÈNE;gentle - eye makeup remover;2;Face Care;Face Care : Cleansers & make-up removers;non
SVRak secure dm protect;SVR;ak secure dm protect;2;Sun Care;Sun Care : Sun protection;non
EUCERINph5 - lip protector;EUCERIN;ph5 - lip protector;2;Lips / Hands Care;Lips / Hands : Lip care;non
LA ROCHE POSAYcicaplast - pro recovery skincare;LA ROCHE POSAY;cicaplast - pro recovery skincare;2;Healing Care;Healing Care : Skin Repair;non
NEUTROGENAspot controlling plus - daily cleanser;NEUTROGENA;spot controlling plus - daily cleanser;2;Face Care;Face Care : Acne Treatments;non
LA ROSÉEorganic carrot and apricot - radiance concentrate;LA ROSÉE;organic carrot and apricot - radiance concentrate;2;Sun Care;Sun Care : Self-tanning;non
MOROCCAN OILcolor complete - protect & prevent spray;MOROCCAN OIL;color complete - protect & prevent spray;2;Hair Care;Hair Care : Colored Hair;non
AVÈNEsensitive skin - sunscreen cream spf 50;AVÈNE;sensitive skin - sunscreen cream spf 50;2;Sun Care;Sun Care : Sun protection;non
AVÈNEsensitive skin - sunscreen cream spf 30;AVÈNE;sensitive skin - sunscreen cream spf 30;2;Sun Care;Sun Care : Sun protection;non
SOL DE JANEIROcheirosa 59 rio deo - deo stick;SOL DE JANEIRO;cheirosa 59 rio deo - deo stick;2;Other;Other : Fragrances;non
SOL DE JANEIRObom dia - body scrub;SOL DE JANEIRO;bom dia - body scrub;2;Body Care;Body Care : Scrubs;non
SOL DE JANEIRObeija flor - elasti-body oil;SOL DE JANEIRO;beija flor - elasti-body oil;2;Body Care;Body Care : Firming care;non
CERAVEintensive moisturizing - cream;CERAVE;intensive moisturizing - cream;2;Body Care;Body Care : Body Moisturizer;non
RENÉ FURTERERvolumea - volumizing foam;RENÉ FURTERER;volumea - volumizing foam;2;Hair Care;Hair Care : Thin Hair;non
LA ROCHE POSAYdeodorant physiologique 24h - stick;LA ROCHE POSAY;deodorant physiologique 24h - stick;2;Body Hygiene;Body Hygiene : Deodorants;non
NEUTROGENAsoothing clear - turmeric mousse cleanser;NEUTROGENA;soothing clear - turmeric mousse cleanser;2;Face Care;Face Care : Cleansers & make-up removers;non
DUCRAYsquanorm - anti dry dandruff shampoo;DUCRAY;squanorm - anti dry dandruff shampoo;2;Hair Care;Hair Care : Anti-dandruff;oui
LA ROSÉEorganic shea butter - extra rich soap;LA ROSÉE;organic shea butter - extra rich soap;2;Body Hygiene;Body Hygiene : Bar Soap;non
LA ROSÉEorganic shea butter - lip balm;LA ROSÉE;organic shea butter - lip balm;2;Lips / Hands Care;Lips / Hands : Lip care;non
EUCERINhyaluron filler elasticity - day cream spf 15;EUCERIN;hyaluron filler elasticity - day cream spf 15;2;Face Care;Face Care : Anti-Aging;non
RENÉ FURTERERtonucia - replumping shampoo;RENÉ FURTERER;tonucia - replumping shampoo;2;Hair Care;Hair Care : Anti Hair Loss;oui
AVÈNEsensitive skin - sport fluid spf 50;AVÈNE;sensitive skin - sport fluid spf 50;2;Sun Care;Sun Care : Sun protection;non
EUCERINhyaluron filler 3x effect - eye contour cream spf 15;EUCERIN;hyaluron filler 3x effect - eye contour cream spf 15;2;Face Care;Face Care : Anti-Aging;non
RENÉ FURTERERsublime curl - curl enhancing shampoo;RENÉ FURTERER;sublime curl - curl enhancing shampoo;2;Hair Care;Hair Care : Dry Hair;non
DUCRAYkelual - cradle cap emulsion;DUCRAY;kelual - cradle cap emulsion;2;Baby Care;Baby Care : Shampoos;non
LES SECRETS DE LOLYsmoothie vanille ylang - hair milk;LES SECRETS DE LOLY;smoothie vanille ylang - hair milk;2;Hair Care;Hair Care : Dry Hair;non
EUCERINhyaluron filler 3x effect - day cream spf 30;EUCERIN;hyaluron filler 3x effect - day cream spf 30;2;Face Care;Face Care : Anti-Aging;non
RENÉ FURTERERstyle - vegetal finishing spray;RENÉ FURTERER;style - vegetal finishing spray;2;Hair Care;Hair Care : Styling Products;non
LA ROCHE POSAYeffaclar - purifying foaming soap cleanser;LA ROCHE POSAY;effaclar - purifying foaming soap cleanser;2;Face Care;Face Care : Acne Treatments;non
RENÉ FURTERERsolaire - thermal protecting spray;RENÉ FURTERER;solaire - thermal protecting spray;2;Hair Care;Hair Care : Sun Care;non
AVÈNEsensitive skin - silky mist spf 30;AVÈNE;sensitive skin - silky mist spf 30;2;Sun Care;Sun Care : Sun protection;non
RENÉ FURTERERokara - silver - toning shampoo;RENÉ FURTERER;okara - silver - toning shampoo;2;Hair Care;Hair Care : Colored Hair;non
EUCERINhyaluron filler - volume lift - eye cream;EUCERIN;hyaluron filler - volume lift - eye cream;2;Face Care;Face Care : Anti-Aging;non
LA ROCHE POSAYeffaclar duo plus m - blemish patch;LA ROCHE POSAY;effaclar duo plus m - blemish patch;2;Face Care;Face Care : Acne Treatments;non
LA ROCHE POSAYeffaclar duo plus m - unifying tinted care;LA ROCHE POSAY;effaclar duo plus m - unifying tinted care;2;Face Care;Face Care : Acne Treatments;non
RENÉ FURTERERnaturia - express detangling spray;RENÉ FURTERER;naturia - express detangling spray;2;Hair Care;Hair Care : Normal Hair;non
NEUTROGENAretinol boost - cream;NEUTROGENA;retinol boost - cream;2;Face Care;Face Care : Anti-Aging;non
EUCERINhyaluron filler - night cream;EUCERIN;hyaluron filler - night cream;2;Face Care;Face Care : Anti-Aging;non
DUCRAYictyane - emollient nutritive cream;DUCRAY;ictyane - emollient nutritive cream;2;Body Care;Body Care : Body Moisturizer;non
RENÉ FURTERERhead spa - purifying scrub detox;RENÉ FURTERER;head spa - purifying scrub detox;2;Hair Care;Hair Care : Greasy Hair;non
AVÈNEsensitive skin - hev blue light - ultra light fragrance free fluid spf 50;AVÈNE;sensitive skin - hev blue light - ultra light fragrance free fluid spf 50;2;Sun Care;Sun Care : Sun protection;non
ADERMAxera confort - anti dryness nourishing cream;ADERMA;xera confort - anti dryness nourishing cream;2;Body Care;Body Care : Body Moisturizer;non
RENÉ FURTERERastera - fresh - soothing freshness serum;RENÉ FURTERER;astera - fresh - soothing freshness serum;2;Hair Care;Hair Care : Sensitive Hair;non
EUCERINhyaluron filler - age spot correcting hand cream spf 30;EUCERIN;hyaluron filler - age spot correcting hand cream spf 30;2;Lips / Hands Care;Lips / Hands : Hand care;non
EUCERINdermopure - triple effect serum;EUCERIN;dermopure - triple effect serum;2;Face Care;Face Care : Acne Treatments;non
PHYTOsebum control - oil-reducing shampoo;PHYTO;sebum control - oil-reducing shampoo;2;Hair Care;Hair Care : Greasy Hair;non
PHYTOrepair - heat protection spray;PHYTO;repair - heat protection spray;2;Hair Care;Hair Care : Damaged Hair;non
PHYTOpurple - no yellow shampoo;PHYTO;purple - no yellow shampoo;2;Hair Care;Hair Care : Thin Hair;non
EUCERINdermopure - cleansing gel;EUCERIN;dermopure - cleansing gel;2;Face Care;Face Care : Acne Treatments;non
LA ROCHE POSAYhyalu b5 - water gel;LA ROCHE POSAY;hyalu b5 - water gel;2;Face Care;Face Care : Anti-Aging;non
LA ROCHE POSAYhydraphase - intense eye cream;LA ROCHE POSAY;hydraphase - intense eye cream;2;Face Care;Face Care : Moisturisers;non
AVÈNEsensitive skin - hev blue light - anti imperfection fluid spf 50;AVÈNE;sensitive skin - hev blue light - anti imperfection fluid spf 50;2;Face Care;Face Care : Acne Treatments;oui
EUCERINatopicontrol - hand cream;EUCERIN;atopicontrol - hand cream;2;Lips / Hands Care;Lips / Hands : Hand care;non
PHYTOphytocyane - revitalizing shampoo;PHYTO;phytocyane - revitalizing shampoo;2;Hair Care;Hair Care : Anti Hair Loss;non
LA ROCHE POSAYhydraphase ha - eye cream;LA ROCHE POSAY;hydraphase ha - eye cream;2;Face Care;Face Care : Moisturisers;non
PHYTOphytocolor - color protecting shampoo;PHYTO;phytocolor - color protecting shampoo;2;Hair Care;Hair Care : Colored Hair;non
NEUTROGENAnorwegian formula - intense repair cica lotion;NEUTROGENA;norwegian formula - intense repair cica lotion;2;Healing Care;Healing Care : Skin Repair;non
AVÈNEsensitive skin - blue light - ultra fluid radiance spf 50;AVÈNE;sensitive skin - blue light - ultra fluid radiance spf 50;2;Sun Care;Sun Care : Sun protection;oui
AVÈNEsensitive skin - blue light - ultra fluid oil control spf 50;AVÈNE;sensitive skin - blue light - ultra fluid oil control spf 50;2;Face Care;Face Care : Acne Treatments;oui
PHYTOcurls - curls definition gel-cream;PHYTO;curls - curls definition gel-cream;2;Hair Care;Hair Care : Styling Products;non
AVÈNEgentle - milk cleanser;AVÈNE;gentle - milk cleanser;2;Face Care;Face Care : Cleansers & make-up removers;non
CERAVErenewing sa - foot cream;CERAVE;renewing sa - foot cream;2;Other;Other : Foot Care;non
EUCERINanti-pigment - spot corrector;EUCERIN;anti-pigment - spot corrector;2;Face Care;Face Care : Depigmentation;non
CERAVErepairing - hand cream;CERAVE;repairing - hand cream;2;Lips / Hands Care;Lips / Hands : Hand care;non
LA ROCHE POSAYlipikar - anti-dryness shower cream;LA ROCHE POSAY;lipikar - anti-dryness shower cream;2;Body Hygiene;Body Hygiene : Syndets;non
AVÈNEsensitive skin - blue light - ultra fluid mat perfect spf 50;AVÈNE;sensitive skin - blue light - ultra fluid mat perfect spf 50;2;Face Care;Face Care : Acne Treatments;non
LA ROCHE POSAYlipikar - cleansing oil;LA ROCHE POSAY;lipikar - cleansing oil;2;Body Hygiene;Body Hygiene : Syndets;non
OLAPLEXstrong days ahead - set;OLAPLEX;strong days ahead - set;2;Hair Care;Hair Care : Damaged Hair;non
OLAPLEXno.5 fine bond maintenance - conditioner;OLAPLEX;no.5 fine bond maintenance - conditioner;2;Marques coiffeurs;Coif : Hair Care;non
AVÈNEsensitive skin - blue light - ultra fluid invisible spf 50;AVÈNE;sensitive skin - blue light - ultra fluid invisible spf 50;2;Sun Care;Sun Care : Sun protection;oui
OLAPLEXbrowbond - eyebrow building serum;OLAPLEX;browbond - eyebrow building serum;2;Hair Care;Hair Care : Damaged Hair;non
NUXEvery rose - soothing body milk;NUXE;very rose - soothing body milk;2;Face Care;Face Care : Cleansers & make-up removers;non
EUCERINanti-pigment - body cream;EUCERIN;anti-pigment - body cream;2;Face Care;Face Care : Depigmentation;non
AVÈNEsensitive skin - b-protect tinted fluid spf 50;AVÈNE;sensitive skin - b-protect tinted fluid spf 50;2;Sun Care;Sun Care : Sun protection;non
LA ROCHE POSAYlipikar ap plus m light - triple-action balm;LA ROCHE POSAY;lipikar ap plus m light - triple-action balm;2;Body Care;Body Care : Body Moisturizer;non
NUXEsweet lemon - hand & nail cream;NUXE;sweet lemon - hand & nail cream;2;Lips / Hands Care;Lips / Hands : Hand care;non
AVÈNEintense - eye makeup remover;AVÈNE;intense - eye makeup remover;2;Face Care;Face Care : Cleansers & make-up removers;non
LA ROCHE POSAYlipikar surgras - cleansing bar;LA ROCHE POSAY;lipikar surgras - cleansing bar;2;Body Hygiene;Body Hygiene : Bar Soap;non
AVÈNEsensitive skin - 24 hour deo roll-on;AVÈNE;sensitive skin - 24 hour deo roll-on;2;Body Hygiene;Body Hygiene : Deodorants;non
NEUTROGENAhydro boost plus - niacinamide serum;NEUTROGENA;hydro boost plus - niacinamide serum;2;Face Care;Face Care : Moisturisers;non
NEUTROGENAhydro boost - set;NEUTROGENA;hydro boost - set;2;Face Care;Face Care : Moisturisers;non
NUXEsun - set;NUXE;sun - set;2;Other;Other : Other products;non
NUXEsun - melting lotion for face and body spf 50;NUXE;sun - melting lotion for face and body spf 50;2;Sun Care;Sun Care : Sun protection;non
NEUTROGENAhydro boost - body gel cream;NEUTROGENA;hydro boost - body gel cream;2;Body Care;Body Care : Body Moisturizer;non
NUXEsun - after-sun hair & body shampoo;NUXE;sun - after-sun hair & body shampoo;2;Sun Care;Sun Care : After Sun;non
ELMEXsensitive professional - whiteness - toothpaste;ELMEX;sensitive professional - whiteness - toothpaste;2;Toothpaste;Toothpaste total;non
LES SECRETS DE LOLYmagic twist - ultra-nourishing butter cream;LES SECRETS DE LOLY;magic twist - ultra-nourishing butter cream;2;Hair Care;Hair Care : Dry Hair;non
LA ROCHE POSAYpure vitamin c - eye cream;LA ROCHE POSAY;pure vitamin c - eye cream;2;Face Care;Face Care : Anti-Aging;non
LA ROCHE POSAYpure vitamin c - light normal to combo skin;LA ROCHE POSAY;pure vitamin c - light normal to combo skin;2;Face Care;Face Care : Anti-Aging;non
NUXEreve de miel - ultra rich cleansing gel;NUXE;reve de miel - ultra rich cleansing gel;2;Face Care;Face Care : Cleansers & make-up removers;non
AVÈNEhydrance uv - light hydrating emulsion spf 30;AVÈNE;hydrance uv - light hydrating emulsion spf 30;2;Face Care;Face Care : Moisturisers;non
ELMEXsensitive professional - mouthwash;ELMEX;sensitive professional - mouthwash;2;Mouthwash;Mouthwash total;non
ELMEXsensitive - toothpaste;ELMEX;sensitive - toothpaste;2;Toothpaste;Toothpaste total;non
NUXEreve de miel - cleansing gel;NUXE;reve de miel - cleansing gel;2;Body Hygiene;Body Hygiene : Syndets;non
ELMEXopti-enamel - toothpaste;ELMEX;opti-enamel - toothpaste;2;Toothpaste;Toothpaste total;non
LA ROCHE POSAYrespectissime - eye pencil;LA ROCHE POSAY;respectissime - eye pencil;2;Make-up;Make-up : Eyes;non
MOROCCAN OILrepair - moisture conditioner;MOROCCAN OIL;repair - moisture conditioner;2;Hair Care;Hair Care : Damaged Hair;non
NUXEprodigieux floral - set;NUXE;prodigieux floral - set;2;Other;Other : Other products;non
ELMEXopti-enamel - mouthwash;ELMEX;opti-enamel - mouthwash;2;Mouthwash;Mouthwash total;non
MOROCCAN OILhydration - weightless hydrating mask;MOROCCAN OIL;hydration - weightless hydrating mask;2;Hair Care;Hair Care : Dry Hair;non
AVÈNErich revitalizing - nourishing cream;AVÈNE;rich revitalizing - nourishing cream;2;Face Care;Face Care : Nourishing;non
LA ROCHE POSAYsensitive skin - soothing lotion;LA ROCHE POSAY;sensitive skin - soothing lotion;2;Face Care;Face Care : Cleansers & make-up removers;non
DUCRAYkeracnyl uv - anti-blemish fluid spf 50;DUCRAY;keracnyl uv - anti-blemish fluid spf 50;2;Face Care;Face Care : Acne Treatments;non
ADERMAepitheliale a.h - massage gel-oil;ADERMA;epitheliale a.h - massage gel-oil;2;Healing Care;Healing Care : Skin Repair;non
NUXEprodigieux;NUXE;prodigieux;2;Face Care;Face Care : Moisturisers;non
ELMEXanti-caries professionel - toothpaste;ELMEX;anti-caries professionel - toothpaste;2;Toothpaste;Toothpaste total;non
NUXEprodigieuse boost - self-tanning serum;NUXE;prodigieuse boost - self-tanning serum;2;Face Care;Face Care : Anti-Aging;non
LA ROCHE POSAYsubstiane - visible density and volume replenishing care;LA ROCHE POSAY;substiane - visible density and volume replenishing care;2;Face Care;Face Care : Anti-Aging;non
MOROCCAN OILfragrance originale - hand cream;MOROCCAN OIL;fragrance originale - hand cream;2;Lips / Hands Care;Lips / Hands : Hand care;non
NUXEprodigieuse boost - glow boosting detox mask;NUXE;prodigieuse boost - glow boosting detox mask;2;Face Care;Face Care : Anti-Aging;non
LA ROCHE POSAYtoleriane - double cleanser;LA ROCHE POSAY;toleriane - double cleanser;2;Face Care;Face Care : Cleansers & make-up removers;non
ADERMAdermalibour plus - repairing cica-lip balm;ADERMA;dermalibour plus - repairing cica-lip balm;2;Healing Care;Healing Care : Skin Repair;non
DUCRAYanaphase plus - fortifying conditioner;DUCRAY;anaphase plus - fortifying conditioner;2;Hair Care;Hair Care : Anti Hair Loss;non
DUCRAYdexyane - anti-scratching emollient balm;DUCRAY;dexyane - anti-scratching emollient balm;2;Body Care;Body Care : Body Moisturizer;non
AVÈNEmen - after shave balm;AVÈNE;men - after shave balm;2;Men Care;Men Care : Pre/Post - Shave care;non
NUXEnuxuriance ultra - luxurious body cream;NUXE;nuxuriance ultra - luxurious body cream;2;Face Care;Face Care : Anti-Aging;non
NUXEnuxuriance ultra - hand cream;NUXE;nuxuriance ultra - hand cream;2;Lips / Hands Care;Lips / Hands : Hand care;non
MOROCCAN OILdry - scalp treatment;MOROCCAN OIL;dry - scalp treatment;2;Hair Care;Hair Care : Dry Hair;non
L'ORÉAL PARISelsève - hyaluron pure - oil erasing scalp serum;L'ORÉAL PARIS;elsève - hyaluron pure - oil erasing scalp serum;2;GMS;GMS : Hair Care;non
NUXEnuxuriance gold - nutri-fortifying oil-cream;NUXE;nuxuriance gold - nutri-fortifying oil-cream;2;Face Care;Face Care : Anti-Aging;non
L'ORÉAL PARISelsève - color vive - purple shampoo;L'ORÉAL PARIS;elsève - color vive - purple shampoo;2;Hair Care;Hair Care : Colored Hair;non
L'ORÉAL PARISelsève - bond repair - pre shampoo;L'ORÉAL PARIS;elsève - bond repair - pre shampoo;2;Hair Care;Hair Care : Dry Hair;non
L'ORÉAL PARISelsève - hydra-hyaluronic - serum;L'ORÉAL PARIS;elsève - hydra-hyaluronic - serum;2;GMS;GMS : Hair Care;non
L'ORÉAL PARISelsève - bond repair - conditioner;L'ORÉAL PARIS;elsève - bond repair - conditioner;2;Hair Care;Hair Care : Dry Hair;non
L'ORÉAL PARIScolor riche - satin lipstick;L'ORÉAL PARIS;color riche - satin lipstick;2;Make-up;Make-up : Lips;non
L'ORÉAL PARISclinically proven lash serum;L'ORÉAL PARIS;clinically proven lash serum;2;GMS;GMS : Skin Care;non
L'ORÉAL PARIScasting sunkiss - gelée eclaircissante;L'ORÉAL PARIS;casting sunkiss - gelée eclaircissante;2;GMS;GMS : Hair Care;non
L'ORÉAL PARISc'est magic - anti-redness cc cream;L'ORÉAL PARIS;c'est magic - anti-redness cc cream;2;GMS;GMS : Skin Care;non
NUXEmerveillance lift glow - firming radiance cream;NUXE;merveillance lift glow - firming radiance cream;2;Face Care;Face Care : Anti-Aging;non
L'ORÉAL PARISbarber club - shower gel for body, hair and beard;L'ORÉAL PARIS;barber club - shower gel for body, hair and beard;2;GMS;GMS : Skin Care;non
L'ORÉAL PARISage perfect - night cream;L'ORÉAL PARIS;age perfect - night cream;2;Face Care;Face Care : Anti-Aging;non
NUXEmerveillance lift - set;NUXE;merveillance lift - set;2;Face Care;Face Care : Anti-Aging;non
L'ORÉAL PARISage perfect - collagen expert retightening night cream;L'ORÉAL PARIS;age perfect - collagen expert retightening night cream;2;Face Care;Face Care : Anti-Aging;non
L'ORÉAL PARISelsève dream long - restoring shampoo;L'ORÉAL PARIS;elsève dream long - restoring shampoo;2;GMS;GMS : Hair Care;non
L'ORÉAL PARISage perfect - collagen expert retightening day cream spf 30;L'ORÉAL PARIS;age perfect - collagen expert retightening day cream spf 30;2;Face Care;Face Care : Anti-Aging;non
L'ORÉAL PARISelsève dream long - steam sheet mask;L'ORÉAL PARIS;elsève dream long - steam sheet mask;2;Hair Care;Hair Care : Anti Hair Loss;non
MOROCCAN OILdark tones - dry shampoo;MOROCCAN OIL;dark tones - dry shampoo;2;Hair Care;Hair Care : Dry Shampoos;non
L'ORÉAL PARISaccord parfait nude - serum foundation;L'ORÉAL PARIS;accord parfait nude - serum foundation;2;GMS;GMS : Skin Care;non
L'ORÉAL PARISaccord parfait - tinted serum;L'ORÉAL PARIS;accord parfait - tinted serum;2;GMS;GMS : Skin Care;non
KLORANEtamanu & monoi - sun exposed hair spray;KLORANE;tamanu & monoi - sun exposed hair spray;2;Hair Care;Hair Care : Sun Care;non
NUXEmerveillance lift - lift eye cream;NUXE;merveillance lift - lift eye cream;2;Face Care;Face Care : Anti-Aging;non
KLORANEpregnancy cameline - stretch mark oil;KLORANE;pregnancy cameline - stretch mark oil;2;Body Care;Body Care : Anti Stretch Mark;non
KLORANEoat milk - ultra-gentle tinted dry shampoo;KLORANE;oat milk - ultra-gentle tinted dry shampoo;2;Hair Care;Hair Care : Dry Shampoos;non
KLORANEmango - nourishing oil;KLORANE;mango - nourishing oil;2;Hair Care;Hair Care : Dry Hair;non
KLORANEmango - nourishing leave-in cream;KLORANE;mango - nourishing leave-in cream;2;Hair Care;Hair Care : Dry Hair;non
KLORANEflax fiber - volume shampoo;KLORANE;flax fiber - volume shampoo;2;Hair Care;Hair Care : Thin Hair;non
KLORANEflax fiber - volume conditioner;KLORANE;flax fiber - volume conditioner;2;Hair Care;Hair Care : Thin Hair;non
NUXEmerveillance lift - exceptional day & night cream;NUXE;merveillance lift - exceptional day & night cream;2;Face Care;Face Care : Anti-Aging;non
KLORANEcitrus pulp - purifying shampoo;KLORANE;citrus pulp - purifying shampoo;2;Hair Care;Hair Care : Greasy Hair;non
KLORANEbaby calendula - no-rinse cleansing lotion;KLORANE;baby calendula - no-rinse cleansing lotion;2;Baby Care;Baby Care : Diaper Rash Creams;non
KLORANEbaby calendula - multi-purpose oil;KLORANE;baby calendula - multi-purpose oil;2;Baby Care;Baby Care : Body And Face Creams;oui
KERASTASEsymbiose - anti-dandruff cellular night serum;KERASTASE;symbiose - anti-dandruff cellular night serum;2;Hair Care;Hair Care : Anti-dandruff;non
KERASTASEspecifique - intense anti-thinning care;KERASTASE;specifique - intense anti-thinning care;2;Hair Care;Hair Care : Thin Hair;non
KERASTASEsoleil - beach bi-phase oil mist;KERASTASE;soleil - beach bi-phase oil mist;2;Hair Care;Hair Care : Sun Care;non
KERASTASEreflection - bain chromatique riche - shampoo;KERASTASE;reflection - bain chromatique riche - shampoo;2;Hair Care;Hair Care : Colored Hair;non
KERASTASEelixir ultime - set;KERASTASE;elixir ultime - set;2;Hair Care;Hair Care : Dry Hair;non
KERASTASEdensifique - stemoxydine - hair density program;KERASTASE;densifique - stemoxydine - hair density program;2;Hair Care;Hair Care : Anti Hair Loss;non
KERASTASEdensifique - masque densité;KERASTASE;densifique - masque densité;2;Hair Care;Hair Care : Anti Hair Loss;non
KERASTASEchronologiste - perfume oil;KERASTASE;chronologiste - perfume oil;2;Hair Care;Hair Care : Damaged Hair;non
L'ORÉAL PARISinfaillible 24h - fresh wear foundation in a powder;L'ORÉAL PARIS;infaillible 24h - fresh wear foundation in a powder;2;GMS;GMS : Skin Care;non
BIODERMAsebium hydra - soothing cleansing balm;BIODERMA;sebium hydra - soothing cleansing balm;2;Face Care;Face Care : Acne Treatments;non
ISDINzincation - anti loss;ISDIN;zincation - anti loss;2;Hair Care;Hair Care : Anti Hair Loss;non
L'ORÉAL PARISinfaillible 32h - matte cover foundation spf 25;L'ORÉAL PARIS;infaillible 32h - matte cover foundation spf 25;2;GMS;GMS : Skin Care;non
BIODERMAsebium hydra - moisturizing compensating care;BIODERMA;sebium hydra - moisturizing compensating care;2;Face Care;Face Care : Acne Treatments;non
ISDINureadin - set;ISDIN;ureadin - set;2;Face Care;Face Care : Moisturisers;non
BIODERMAsebium h2o - micellar water;BIODERMA;sebium h2o - micellar water;2;Face Care;Face Care : Acne Treatments;non
BIODERMAsebium - pore refiner - corrective care for enlarged pores;BIODERMA;sebium - pore refiner - corrective care for enlarged pores;2;Face Care;Face Care : Acne Treatments;non
L'ORÉAL PARISlash paradise wtp - mascara;L'ORÉAL PARIS;lash paradise wtp - mascara;2;Make-up;Make-up : Eyes;non
VICHYpureté thermale - soothing eye makeup remover;VICHY;pureté thermale - soothing eye makeup remover;1;Face Care;Face Care : Cleansers & make-up removers;non
ADERMAbiology - micellar water;ADERMA;biology - micellar water;1;Face Care;Face Care : Cleansers & make-up removers;non
ADERMAbiology a-r - anti-redness care;ADERMA;biology a-r - anti-redness care;1;Face Care;Face Care : Soothing and Anti-redness;non
ADERMAbiology ac - cleansing micellar water;ADERMA;biology ac - cleansing micellar water;1;Face Care;Face Care : Acne Treatments;non
ADERMAbiology energy c - radiance boost serum;ADERMA;biology energy c - radiance boost serum;1;Face Care;Face Care : Anti-Aging;non
ADERMAdermalibour plus - foaming gel;ADERMA;dermalibour plus - foaming gel;1;Healing Care;Healing Care : Skin Repair;non
ADERMAdermalibour plus - insulating cream;ADERMA;dermalibour plus - insulating cream;1;Healing Care;Healing Care : Skin Repair;non
ADERMAdermalibour plus barrier - soothing barrier cream;ADERMA;dermalibour plus barrier - soothing barrier cream;1;Healing Care;Healing Care : Skin Repair;oui
ADERMAepitheliale a.h - soothing repairing cream;ADERMA;epitheliale a.h - soothing repairing cream;1;Healing Care;Healing Care : Skin Repair;non
ADERMAepitheliale a.h ultra - repairing patch balm;ADERMA;epitheliale a.h ultra - repairing patch balm;1;Healing Care;Healing Care : Skin Repair;oui
ADERMAexomega control - emollient foaming gel;ADERMA;exomega control - emollient foaming gel;1;Body Hygiene;Body Hygiene : Syndets;non
ADERMAfragile skin - 24h hydration body lotion;ADERMA;fragile skin - 24h hydration body lotion;1;Body Care;Body Care : Body Moisturizer;non
ADERMAnourishing - ultra rich cleansing bar;ADERMA;nourishing - ultra rich cleansing bar;1;Body Hygiene;Body Hygiene : Bar Soap;non
ADERMAprimalba - cocoon cream;ADERMA;primalba - cocoon cream;1;Baby Care;Baby Care : Body And Face Creams;non
ADERMAprotect - cream spf 50 plus;ADERMA;protect - cream spf 50 plus;1;Sun Care;Sun Care : Sun protection;non
ADERMAprotect - invisible fluid spf 50;ADERMA;protect - invisible fluid spf 50;1;Sun Care;Sun Care : Sun protection;non
ADERMAprotect ac - mattifying fluid spf 50 plus;ADERMA;protect ac - mattifying fluid spf 50 plus;1;Face Care;Face Care : Acne Treatments;non
ADERMAprotect ad - cream spf 50 plus;ADERMA;protect ad - cream spf 50 plus;1;Sun Care;Sun Care : Sun protection;non
ADERMAprotect ah - after sun repairing lotion;ADERMA;protect ah - after sun repairing lotion;1;Sun Care;Sun Care : After Sun;non
ADERMAprotect kids - children lotion spf 50 plus;ADERMA;protect kids - children lotion spf 50 plus;1;Sun Care;Sun Care : Sun protection;non
ADERMAprotect x-tream - stick spf 50 plus;ADERMA;protect x-tream - stick spf 50 plus;1;Sun Care;Sun Care : Sun protection;non
ADERMAxera confort - anti dryness cleansing cream;ADERMA;xera confort - anti dryness cleansing cream;1;Body Hygiene;Body Hygiene : Syndets;non
AVÈNEa-oxitive - serum;AVÈNE;a-oxitive - serum;1;Face Care;Face Care : Anti-Aging;non
AVÈNEantirougeurs - soothing emulsion spf 30;AVÈNE;antirougeurs - soothing emulsion spf 30;1;Face Care;Face Care : Soothing and Anti-redness;non
AVÈNEantirougeurs fort - relief concentrate;AVÈNE;antirougeurs fort - relief concentrate;1;Face Care;Face Care : Soothing and Anti-redness;non
AVÈNEantirougeurs fort - soothing concentrate;AVÈNE;antirougeurs fort - soothing concentrate;1;Face Care;Face Care : Soothing and Anti-redness;non
AVÈNEcicalfate - drying repair lotion;AVÈNE;cicalfate - drying repair lotion;1;Healing Care;Healing Care : Skin Repair;non
AVÈNEcicalfate - repair barrier hand cream;AVÈNE;cicalfate - repair barrier hand cream;1;Healing Care;Healing Care : Skin Repair;non
AVÈNEcicalfate plus - intensive repairing serum;AVÈNE;cicalfate plus - intensive repairing serum;1;Healing Care;Healing Care : Skin Repair;oui
AVÈNEcleanance - comedomed localized drying emulsion;AVÈNE;cleanance - comedomed localized drying emulsion;1;Face Care;Face Care : Acne Treatments;non
AVÈNEcleanance - detox mask;AVÈNE;cleanance - detox mask;1;Face Care;Face Care : Acne Treatments;non
AVÈNEcleanance - purifying solid cleanser;AVÈNE;cleanance - purifying solid cleanser;1;Face Care;Face Care : Acne Treatments;non
AVÈNEcleanance women - smoothing night care;AVÈNE;cleanance women - smoothing night care;1;Face Care;Face Care : Acne Treatments;non
AVÈNEcold cream - lip butter;AVÈNE;cold cream - lip butter;1;Lips / Hands Care;Lips / Hands : Lip care;non
AVÈNEcouvrance - fluid foundation;AVÈNE;couvrance - fluid foundation;1;Make-up;Make-up : Face;non
AVÈNEcouvrance - mascara;AVÈNE;couvrance - mascara;1;Make-up;Make-up : Eyes;non
AVÈNEcouvrance - mosaic powder;AVÈNE;couvrance - mosaic powder;1;Make-up;Make-up : Face;non
AVÈNEdermabsolu - concentrated resculpting serum;AVÈNE;dermabsolu - concentrated resculpting serum;1;Face Care;Face Care : Anti-Aging;non
AVÈNEdermabsolu - eye contour;AVÈNE;dermabsolu - eye contour;1;Face Care;Face Care : Anti-Aging;non
AVÈNEdermabsolu - set;AVÈNE;dermabsolu - set;1;Face Care;Face Care : Anti-Aging;non
AVÈNEgentle - body scrub;AVÈNE;gentle - body scrub;1;Body Care;Body Care : Scrubs;non
AVÈNEhigh protection mineral cream - sunscreen spf 50;AVÈNE;high protection mineral cream - sunscreen spf 50;1;Sun Care;Sun Care : Sun protection;non
AVÈNEhydrance - rich bb cream spf 30;AVÈNE;hydrance - rich bb cream spf 30;1;Face Care;Face Care : Nourishing;non
AVÈNEhydrance - set;AVÈNE;hydrance - set;1;Face Care;Face Care : Moisturisers;non
AVÈNEhydrance optimale - rich cream;AVÈNE;hydrance optimale - rich cream;1;Face Care;Face Care : Nourishing;non
AVÈNElip butter;AVÈNE;lip butter;1;Lips / Hands Care;Lips / Hands : Lip care;non
AVÈNEmen - anti-aging hydrating care;AVÈNE;men - anti-aging hydrating care;1;Men Care;Men Care : Skin Care;non
AVÈNEmen - shaving foam;AVÈNE;men - shaving foam;1;Men Care;Men Care : Shaving;non
AVÈNEmoisturizing - melt-in balm;AVÈNE;moisturizing - melt-in balm;1;Body Care;Body Care : Body Moisturizer;non
AVÈNEsensitive - makeup removing micellar gel;AVÈNE;sensitive - makeup removing micellar gel;1;Face Care;Face Care : Cleansers & make-up removers;non
AVÈNEsensitive skin - body oil;AVÈNE;sensitive skin - body oil;1;Body Care;Body Care : Body Moisturizer;non
AVÈNEsensitive skin - hev blue light - tinted fluid spf 50;AVÈNE;sensitive skin - hev blue light - tinted fluid spf 50;1;Sun Care;Sun Care : Sun protection;non
AVÈNEsensitive skin - lip balm stick spf 50;AVÈNE;sensitive skin - lip balm stick spf 50;1;Lips / Hands Care;Lips / Hands : Lip care;non
AVÈNEsensitive skin - sun care oil spf 30;AVÈNE;sensitive skin - sun care oil spf 30;1;Sun Care;Sun Care : Sun protection;non
AVÈNEsensitive skin - sunscreen spray spf 30;AVÈNE;sensitive skin - sunscreen spray spf 30;1;Sun Care;Sun Care : Sun protection;non
AVÈNEsoothing - hydrating mask;AVÈNE;soothing - hydrating mask;1;Face Care;Face Care : Soothing and Anti-redness;non
AVÈNEsoothing - toning lotion;AVÈNE;soothing - toning lotion;1;Face Care;Face Care : Soothing and Anti-redness;non
AVÈNEsun - set;AVÈNE;sun - set;1;Sun Care;Sun Care : Sun protection;non
AVÈNEsunsimed pigment - blue light - sunscreen spf 50;AVÈNE;sunsimed pigment - blue light - sunscreen spf 50;1;Face Care;Face Care : Depigmentation;oui
AVÈNEtolérance control - soothing skin recovery balm;AVÈNE;tolérance control - soothing skin recovery balm;1;Body Care;Body Care : Body Moisturizer;non
AVÈNEtolérance extrême - cream;AVÈNE;tolérance extrême - cream;1;Face Care;Face Care : Soothing and Anti-redness;non
AVÈNEtolérance hydra-10 - hydrating fluid;AVÈNE;tolérance hydra-10 - hydrating fluid;1;Face Care;Face Care : Moisturisers;non
AVÈNEtriacneal expert - emulsion;AVÈNE;triacneal expert - emulsion;1;Face Care;Face Care : Acne Treatments;non
AVÈNEtrixéra nutri-fluid - cleansing gel;AVÈNE;trixéra nutri-fluid - cleansing gel;1;Body Hygiene;Body Hygiene : Syndets;non
BIODERMAabcderm - gentle shampoo;BIODERMA;abcderm - gentle shampoo;1;Baby Care;Baby Care : Shampoos;non
BIODERMAabcderm - mild cleansing foaming gel;BIODERMA;abcderm - mild cleansing foaming gel;1;Baby Care;Baby Care : Bar Soap And Syndets;non
BIODERMAabcderm - non rinse cleansing milk;BIODERMA;abcderm - non rinse cleansing milk;1;Baby Care;Baby Care : Diaper Rash Creams;non
BIODERMAabcderm - water based soothing paste for nappy rash;BIODERMA;abcderm - water based soothing paste for nappy rash;1;Baby Care;Baby Care : Diaper Rash Creams;non
BIODERMAatoderm - intensive pain - cleansing bar;BIODERMA;atoderm - intensive pain - cleansing bar;1;Body Hygiene;Body Hygiene : Bar Soap;non
BIODERMAatoderm - sos spray;BIODERMA;atoderm - sos spray;1;Body Care;Body Care : Body Moisturizer;non
BIODERMAatoderm - xereane;BIODERMA;atoderm - xereane;1;Body Care;Body Care : Body Moisturizer;non
BIODERMAcicabio - cream;BIODERMA;cicabio - cream;1;Healing Care;Healing Care : Skin Repair;non
BIODERMAcicabio restor - protective soothing cream;BIODERMA;cicabio restor - protective soothing cream;1;Healing Care;Healing Care : Skin Repair;non
BIODERMAcrealine sensibio - erycontrol cream;BIODERMA;crealine sensibio - erycontrol cream;1;Face Care;Face Care : Soothing and Anti-redness;non
BIODERMAcrealine sensibio - light cream;BIODERMA;crealine sensibio - light cream;1;Face Care;Face Care : Soothing and Anti-redness;non
BIODERMAcrealine sensibio - set;BIODERMA;crealine sensibio - set;1;Face Care;Face Care : Soothing and Anti-redness;non
BIODERMAcrealine sensibio ar - bi-serum;BIODERMA;crealine sensibio ar - bi-serum;1;Face Care;Face Care : Soothing and Anti-redness;non
BIODERMAcrealine sensibio defensive - active soothing cream;BIODERMA;crealine sensibio defensive - active soothing cream;1;Face Care;Face Care : Soothing and Anti-redness;non
BIODERMAcrealine sensibio h2o - micellar wipes;BIODERMA;crealine sensibio h2o - micellar wipes;1;Face Care;Face Care : Cleansers & make-up removers;non
BIODERMAcrealine sensibio rich - soothing cream;BIODERMA;crealine sensibio rich - soothing cream;1;Face Care;Face Care : Soothing and Anti-redness;non
BIODERMAhydrabio - cream;BIODERMA;hydrabio - cream;1;Face Care;Face Care : Moisturisers;non
BIODERMAhydrabio - moisturizing toning lotion;BIODERMA;hydrabio - moisturizing toning lotion;1;Face Care;Face Care : Moisturisers;non
BIODERMAhydrabio - perfecteur spf 30;BIODERMA;hydrabio - perfecteur spf 30;1;Face Care;Face Care : Moisturisers;non
BIODERMAhydrabio - serum;BIODERMA;hydrabio - serum;1;Face Care;Face Care : Moisturisers;non
BIODERMAhydrabio h2o - micellar water;BIODERMA;hydrabio h2o - micellar water;1;Face Care;Face Care : Cleansers & make-up removers;non
BIODERMAhydrabio hyalu plus - replumping concentrate;BIODERMA;hydrabio hyalu plus - replumping concentrate;1;Face Care;Face Care : Moisturisers;non
BIODERMAmatricium - regenerating treatment 30 doses;BIODERMA;matricium - regenerating treatment 30 doses;1;Face Care;Face Care : Anti-Aging;non
BIODERMAnode ds - anti dandruff shampoo;BIODERMA;node ds - anti dandruff shampoo;1;Healing Care;Healing Care : Seborrheic Dermatitis;non
BIODERMAnode p - regulating shampoo;BIODERMA;node p - regulating shampoo;1;Hair Care;Hair Care : Anti-dandruff;non
BIODERMAphotoderm - nude touch tinted suncare spf 50;BIODERMA;photoderm - nude touch tinted suncare spf 50;1;Sun Care;Sun Care : Sun protection;non
BIODERMAphotoderm - spray spf 50;BIODERMA;photoderm - spray spf 50;1;Sun Care;Sun Care : Sun protection;non
BIODERMAphotoderm anti-ox - sun water spf 50;BIODERMA;photoderm anti-ox - sun water spf 50;1;Sun Care;Sun Care : Sun protection;non
BIODERMAphotoderm ar - tinted cream spf 50;BIODERMA;photoderm ar - tinted cream spf 50;1;Face Care;Face Care : Soothing and Anti-redness;non
BIODERMAphotoderm crème - tinted cream spf 50;BIODERMA;photoderm crème - tinted cream spf 50;1;Sun Care;Sun Care : Sun protection;non
BIODERMAphotoderm duo ski - face & lip sun care spf 50;BIODERMA;photoderm duo ski - face & lip sun care spf 50;1;Lips / Hands Care;Lips / Hands : Lip care;non
BIODERMAphotoderm mineral - fluid spf 50;BIODERMA;photoderm mineral - fluid spf 50;1;Sun Care;Sun Care : Sun protection;non
BIODERMAphotoderm pediatrics - sun spray spf 50;BIODERMA;photoderm pediatrics - sun spray spf 50;1;Sun Care;Sun Care : Sun protection;non
BIODERMAphotoderm spot age - anti dark spot gel cream spf 50;BIODERMA;photoderm spot age - anti dark spot gel cream spf 50;1;Face Care;Face Care : Depigmentation;non
BIODERMAphotoderm stick - sensitive areas spf 50;BIODERMA;photoderm stick - sensitive areas spf 50;1;Sun Care;Sun Care : Sun protection;non
BIODERMApigmentbio - c-concentrate serum;BIODERMA;pigmentbio - c-concentrate serum;1;Face Care;Face Care : Depigmentation;non
BIODERMApigmentbio - sensitive areas - targeted brightening cream;BIODERMA;pigmentbio - sensitive areas - targeted brightening cream;1;Face Care;Face Care : Depigmentation;non
BIODERMApigmentbio night renewer - brightening overnight care;BIODERMA;pigmentbio night renewer - brightening overnight care;1;Face Care;Face Care : Depigmentation;non
BIODERMAsebium - anti blemish care;BIODERMA;sebium - anti blemish care;1;Face Care;Face Care : Acne Treatments;non
BIODERMAsebium kerato plus - anti blemish gel cream;BIODERMA;sebium kerato plus - anti blemish gel cream;1;Face Care;Face Care : Acne Treatments;non
BIODERMAsebium kerato plus body - anti blemish soothing spray;BIODERMA;sebium kerato plus body - anti blemish soothing spray;1;Face Care;Face Care : Acne Treatments;non
BIODERMAsebium mat control - shine-control moisturizer;BIODERMA;sebium mat control - shine-control moisturizer;1;Face Care;Face Care : Acne Treatments;non
CAUDALIEange des vignes - set;CAUDALIE;ange des vignes - set;1;Other;Other : Fragrances;non
CAUDALIEanti-wrinkle face suncare spf 50;CAUDALIE;anti-wrinkle face suncare spf 50;1;Face Care;Face Care : Anti-Aging;non
CAUDALIEcrèmes mains - set;CAUDALIE;crèmes mains - set;1;Lips / Hands Care;Lips / Hands : Hand care;non
CAUDALIEresveratrol lift - face lifting moisturizer spf 20;CAUDALIE;resveratrol lift - face lifting moisturizer spf 20;1;Face Care;Face Care : Anti-Aging;non
CAUDALIEsoleil des vignes - set;CAUDALIE;soleil des vignes - set;1;Body Care;Body Care : Body Moisturizer;non
CAUDALIEvineactiv - overnight detox oil;CAUDALIE;vineactiv - overnight detox oil;1;Face Care;Face Care : Anti-Aging;non
CAUDALIEvinoclean - overnight detox oil;CAUDALIE;vinoclean - overnight detox oil;1;Face Care;Face Care : Cleansers & make-up removers;non
CAUDALIEvinopure - skin perfecting mattifying fluid;CAUDALIE;vinopure - skin perfecting mattifying fluid;1;Face Care;Face Care : Acne Treatments;non
CAUDALIEvinosource - sos moisturizing cream;CAUDALIE;vinosource - sos moisturizing cream;1;Face Care;Face Care : Moisturisers;non
CAUDALIEvinosource hydra - sos thirst quenching serum;CAUDALIE;vinosource hydra - sos thirst quenching serum;1;Face Care;Face Care : Moisturisers;non
CERAVEhydrating - ha water gel;CERAVE;hydrating - ha water gel;1;Face Care;Face Care : Moisturisers;non
CERAVErenewing sa - cream;CERAVE;renewing sa - cream;1;Body Care;Body Care : Body Moisturizer;non
CERAVEskin renewing - eye cream;CERAVE;skin renewing - eye cream;1;Face Care;Face Care : Other Face Care Products;non
DEXERYLdexeclear - anti-blemish foaming gel;DEXERYL;dexeclear - anti-blemish foaming gel;1;Face Care;Face Care : Acne Treatments;oui
DEXERYLdexeryl - nourishing lotion;DEXERYL;dexeryl - nourishing lotion;1;Body Care;Body Care : Body Moisturizer;non
DUCRAYanaphase plus - anti-hair loss complement shampoo;DUCRAY;anaphase plus - anti-hair loss complement shampoo;1;Hair Care;Hair Care : Anti Hair Loss;oui
DUCRAYdexyane - protective cleansing oil;DUCRAY;dexyane - protective cleansing oil;1;Body Hygiene;Body Hygiene : Syndets;non
DUCRAYdexyane med - cream eczema treatment;DUCRAY;dexyane med - cream eczema treatment;1;Eczema Treatment;Eczema Treatment;oui
DUCRAYgel rubéfiant - tonifying gel;DUCRAY;gel rubéfiant - tonifying gel;1;Body Care;Body Care : Other Products;non
DUCRAYhidrosis control - cream;DUCRAY;hidrosis control - cream;1;Body Hygiene;Body Hygiene : Deodorants;non
DUCRAYhidrosis control - roll-on;DUCRAY;hidrosis control - roll-on;1;Body Hygiene;Body Hygiene : Deodorants;non
DUCRAYictyane - body and face cream;DUCRAY;ictyane - body and face cream;1;Body Care;Body Care : Body Moisturizer;non
DUCRAYictyane - cleansing shower cream;DUCRAY;ictyane - cleansing shower cream;1;Body Hygiene;Body Hygiene : Syndets;non
DUCRAYictyane - dermatological bar;DUCRAY;ictyane - dermatological bar;1;Body Hygiene;Body Hygiene : Bar Soap;non
DUCRAYictyane - lip balm;DUCRAY;ictyane - lip balm;1;Lips / Hands Care;Lips / Hands : Lip care;non
DUCRAYictyane hydra uv - light face cream spf 30;DUCRAY;ictyane hydra uv - light face cream spf 30;1;Face Care;Face Care : Moisturisers;non
DUCRAYkelual ds - foaming gel;DUCRAY;kelual ds - foaming gel;1;Healing Care;Healing Care : Seborrheic Dermatitis;non
DUCRAYkeracnyl - repair cream;DUCRAY;keracnyl - repair cream;1;Face Care;Face Care : Acne Treatments;non
DUCRAYkeracnyl repair - compensatory cream;DUCRAY;keracnyl repair - compensatory cream;1;Face Care;Face Care : Acne Treatments;oui
DUCRAYkertyol pso - hydrating balm;DUCRAY;kertyol pso - hydrating balm;1;Body Care;Body Care : Body Moisturizer;non
DUCRAYkertyol pso - ultra-rich cleansing gel;DUCRAY;kertyol pso - ultra-rich cleansing gel;1;Body Hygiene;Body Hygiene : Syndets;non
DUCRAYmelascreen - anti spots concentrate;DUCRAY;melascreen - anti spots concentrate;1;Face Care;Face Care : Depigmentation;non
DUCRAYmelascreen - anti spots cream spf 50;DUCRAY;melascreen - anti spots cream spf 50;1;Face Care;Face Care : Depigmentation;non
DUCRAYmelascreen - anti spots fluid spf 50;DUCRAY;melascreen - anti spots fluid spf 50;1;Face Care;Face Care : Depigmentation;non
DUCRAYmelascreen - global serum;DUCRAY;melascreen - global serum;1;Face Care;Face Care : Depigmentation;non
DUCRAYsensinol - cleansing oil;DUCRAY;sensinol - cleansing oil;1;Body Hygiene;Body Hygiene : Syndets;non
DUCRAYsensinol - soothing lotion;DUCRAY;sensinol - soothing lotion;1;Body Care;Body Care : Body Moisturizer;non
DUCRAYsquanorm - anti-dandruff lotion;DUCRAY;squanorm - anti-dandruff lotion;1;Hair Care;Hair Care : Anti-dandruff;non
ELGYDIUMclassic soft - toothbrush;ELGYDIUM;classic soft - toothbrush;1;Manual Toothbrush;Manual Toothbrush : Adults;non
ELGYDIUMinspiration medium - toothbrush;ELGYDIUM;inspiration medium - toothbrush;1;Manual Toothbrush;Manual Toothbrush : Adults;non
ELGYDIUMla petite francaise - toothbrush;ELGYDIUM;la petite francaise - toothbrush;1;Manual Toothbrush;Manual Toothbrush : Adults;non
ELGYDIUMsensitive teeth - toothpaste;ELGYDIUM;sensitive teeth - toothpaste;1;Toothpaste;Toothpaste total;non
ELGYDIUMwhitening - toothpaste;ELGYDIUM;whitening - toothpaste;1;Toothpaste;Toothpaste total;non
ELGYDIUMxeroleave - spray;ELGYDIUM;xeroleave - spray;1;Hyposialia;Hyposialia : COS;non
ELMEXanti-caries - intensive cleansing - toothpaste;ELMEX;anti-caries - intensive cleansing - toothpaste;1;Toothpaste;Toothpaste total;non
ELMEXanti-caries - toothpaste;ELMEX;anti-caries - toothpaste;1;Toothpaste;Toothpaste total;non
ELMEXkids - 3 to 6 - toothbrush;ELMEX;kids - 3 to 6 - toothbrush;1;Manual Toothbrush;Manual Toothbrush : Adults;non
ELMEXkids - 3 to 6 - toothpaste;ELMEX;kids - 3 to 6 - toothpaste;1;Toothpaste;Toothpaste total;non
ELMEXkids - 6 to 12 - toothpaste;ELMEX;kids - 6 to 12 - toothpaste;1;Toothpaste;Toothpaste total;non
ELMEXsensitive - repair and prevent - toothpaste;ELMEX;sensitive - repair and prevent - toothpaste;1;Toothpaste;Toothpaste total;non
EUCERINacute - dry skin lip balm;EUCERIN;acute - dry skin lip balm;1;Lips / Hands Care;Lips / Hands : Lip care;non
EUCERINanti redness - concealing day cream spf 25;EUCERIN;anti redness - concealing day cream spf 25;1;Face Care;Face Care : Soothing and Anti-redness;non
EUCERINanti-pigment - eye care;EUCERIN;anti-pigment - eye care;1;Face Care;Face Care : Depigmentation;non
EUCERINanti-pigment - skin perfecting serum;EUCERIN;anti-pigment - skin perfecting serum;1;Face Care;Face Care : Depigmentation;non
EUCERINaquaporin active - moisturising cream;EUCERIN;aquaporin active - moisturising cream;1;Face Care;Face Care : Moisturisers;non
EUCERINaquaporin active - moisturising cream dry skin;EUCERIN;aquaporin active - moisturising cream dry skin;1;Face Care;Face Care : Moisturisers;non
EUCERINaquaporin active - moisturising cream spf 25;EUCERIN;aquaporin active - moisturising cream spf 25;1;Face Care;Face Care : Moisturisers;non
EUCERINatopicontrol - acute care cream;EUCERIN;atopicontrol - acute care cream;1;Body Care;Body Care : Body Moisturizer;non
EUCERINatopicontrol - balm;EUCERIN;atopicontrol - balm;1;Body Care;Body Care : Body Moisturizer;non
EUCERINatopicontrol - shower gel;EUCERIN;atopicontrol - shower gel;1;Body Hygiene;Body Hygiene : Syndets;non
EUCERINdermocapillaire - anti-dandruff shampoo;EUCERIN;dermocapillaire - anti-dandruff shampoo;1;Hair Care;Hair Care : Anti-dandruff;non
EUCERINdermocapillaire - calming urea scalp treatment;EUCERIN;dermocapillaire - calming urea scalp treatment;1;Hair Care;Hair Care : Anti-dandruff;non
EUCERINdermopure - oil control - cleansing gel;EUCERIN;dermopure - oil control - cleansing gel;1;Face Care;Face Care : Acne Treatments;non
EUCERINdermopure - scrub;EUCERIN;dermopure - scrub;1;Face Care;Face Care : Acne Treatments;non
EUCERINdermopure - triple action body cream;EUCERIN;dermopure - triple action body cream;1;Face Care;Face Care : Acne Treatments;non
EUCERINdermopure clinical - purifying cleanser;EUCERIN;dermopure clinical - purifying cleanser;1;Face Care;Face Care : Acne Treatments;non
EUCERINhyaluron filler - day cream spf 15;EUCERIN;hyaluron filler - day cream spf 15;1;Face Care;Face Care : Anti-Aging;non
EUCERINhyaluron filler - day cream spf 30;EUCERIN;hyaluron filler - day cream spf 30;1;Face Care;Face Care : Anti-Aging;non
EUCERINhyaluron filler - extra rich - night cream;EUCERIN;hyaluron filler - extra rich - night cream;1;Face Care;Face Care : Anti-Aging;non
EUCERINhyaluron filler - eye cream;EUCERIN;hyaluron filler - eye cream;1;Face Care;Face Care : Anti-Aging;non
EUCERINhyaluron filler - moisture booster serum;EUCERIN;hyaluron filler - moisture booster serum;1;Face Care;Face Care : Anti-Aging;non
EUCERINhyaluron filler - set;EUCERIN;hyaluron filler - set;1;Face Care;Face Care : Anti-Aging;non
EUCERINhyaluron filler - volume lift - eye cream spf 15;EUCERIN;hyaluron filler - volume lift - eye cream spf 15;1;Face Care;Face Care : Anti-Aging;non
EUCERINhyaluron filler - volume lift - night cream;EUCERIN;hyaluron filler - volume lift - night cream;1;Face Care;Face Care : Anti-Aging;non
EUCERINhyaluron filler elasticity - body cream;EUCERIN;hyaluron filler elasticity - body cream;1;Face Care;Face Care : Anti-Aging;non
EUCERINhyaluron filler elasticity - eye cream spf 15;EUCERIN;hyaluron filler elasticity - eye cream spf 15;1;Face Care;Face Care : Anti-Aging;non
EUCERINhyaluron filler elasticity - rosy day cream spf 30;EUCERIN;hyaluron filler elasticity - rosy day cream spf 30;1;Face Care;Face Care : Anti-Aging;non
EUCERINhyaluron filler elasticity - set;EUCERIN;hyaluron filler elasticity - set;1;Face Care;Face Care : Anti-Aging;non
EUCERINph5 - shower gel & oil;EUCERIN;ph5 - shower gel & oil;1;Body Hygiene;Body Hygiene : Syndets;non
EUCERINsun protection - allergy gel-cream spf 50;EUCERIN;sun protection - allergy gel-cream spf 50;1;Sun Care;Sun Care : Sun protection;non
EUCERINsun protection - photo aging control - cc tinted cream spf 50;EUCERIN;sun protection - photo aging control - cc tinted cream spf 50;1;Face Care;Face Care : Anti-Aging;non
EUCERINsun protection - pigment control tinted gel cream spf 50;EUCERIN;sun protection - pigment control tinted gel cream spf 50;1;Face Care;Face Care : Depigmentation;non
EUCERINsun protection - sun leb - gel cream;EUCERIN;sun protection - sun leb - gel cream;1;Sun Care;Sun Care : Sun protection;non
EUCERINurearepair plus - 10% urea intensive body lotion;EUCERIN;urearepair plus - 10% urea intensive body lotion;1;Body Care;Body Care : Body Moisturizer;non
EUCERINurearepair plus - 30% urea cream;EUCERIN;urearepair plus - 30% urea cream;1;Body Care;Body Care : Body Moisturizer;non
GARNIER100% ultra blond - gelée éclaircissante;GARNIER;100% ultra blond - gelée éclaircissante;1;GMS;GMS : Hair Care;non
GARNIERambre solaire - eco-designed lotion spf 30;GARNIER;ambre solaire - eco-designed lotion spf 30;1;GMS;GMS : Skin Care;non
GARNIERambre solaire - super uv sun stick spf 50;GARNIER;ambre solaire - super uv sun stick spf 50;1;GMS;GMS : Skin Care;non
GARNIERclearly brighter - argan nut cleanser;GARNIER;clearly brighter - argan nut cleanser;1;GMS;GMS : Skin Care;non
GARNIERcolor sensation - color retouch hair color;GARNIER;color sensation - color retouch hair color;1;Hair Care;Hair Care : Colourants;non
GARNIERcolor sensation - intense permanent color cream;GARNIER;color sensation - intense permanent color cream;1;Hair Care;Hair Care : Colourants;non
GARNIERfructis - curl method pre shampoo;GARNIER;fructis - curl method pre shampoo;1;GMS;GMS : Hair Care;non
GARNIERfructis - diamond liss shine coat leave in spray;GARNIER;fructis - diamond liss shine coat leave in spray;1;GMS;GMS : Hair Care;non
GARNIERfructis - goodbye damage conditioner;GARNIER;fructis - goodbye damage conditioner;1;GMS;GMS : Hair Care;non
GARNIERfructis - vitamin and strength orange 10 in 1 leave in cream;GARNIER;fructis - vitamin and strength orange 10 in 1 leave in cream;1;GMS;GMS : Hair Care;non
GARNIERfructis curl nourish - shampoo;GARNIER;fructis curl nourish - shampoo;1;GMS;GMS : Hair Care;non
GARNIERfructis style - gel;GARNIER;fructis style - gel;1;GMS;GMS : Hair Care;non
GARNIERfructis style hydra boucles - foam;GARNIER;fructis style hydra boucles - foam;1;GMS;GMS : Hair Care;non
GARNIERgarnier bio - micellar water cornflower;GARNIER;garnier bio - micellar water cornflower;1;Face Care;Face Care : Cleansers & make-up removers;non
GARNIERhair food - damage repairing papaya - mask;GARNIER;hair food - damage repairing papaya - mask;1;Hair Care;Hair Care : Damaged Hair;non
GARNIERhair food - hydrating aloe vera - conditioner;GARNIER;hair food - hydrating aloe vera - conditioner;1;GMS;GMS : Hair Care;non
GARNIERhair food - nourishing banana - conditioner;GARNIER;hair food - nourishing banana - conditioner;1;GMS;GMS : Hair Care;non
GARNIERhair food - nourishing banana - mask;GARNIER;hair food - nourishing banana - mask;1;GMS;GMS : Hair Care;non
GARNIERhair food - nourishing banana - shampoo;GARNIER;hair food - nourishing banana - shampoo;1;GMS;GMS : Hair Care;non
GARNIERhyaluron - barrier repair gel cream;GARNIER;hyaluron - barrier repair gel cream;1;Face Care;Face Care : Moisturisers;non
GARNIERhyaluron - fresh & plump sorbet cream;GARNIER;hyaluron - fresh & plump sorbet cream;1;Face Care;Face Care : Moisturisers;non
GARNIERnutri bomb - milky sheet mask;GARNIER;nutri bomb - milky sheet mask;1;GMS;GMS : Hair Care;non
GARNIERnutrisse - hair color;GARNIER;nutrisse - hair color;1;Hair Care;Hair Care : Colourants;non
GARNIERpure active - charcoal bar;GARNIER;pure active - charcoal bar;1;Face Care;Face Care : Acne Treatments;non
GARNIERpure active - charcoal blackhead exfoliating stick;GARNIER;pure active - charcoal blackhead exfoliating stick;1;Face Care;Face Care : Acne Treatments;non
GARNIERskin active - chamomile hydra bomb sheet mask;GARNIER;skin active - chamomile hydra bomb sheet mask;1;GMS;GMS : Skin Care;non
GARNIERskin active - eye sheet mask;GARNIER;skin active - eye sheet mask;1;GMS;GMS : Skin Care;non
GARNIERskin active - gentle sulfate free cleanser;GARNIER;skin active - gentle sulfate free cleanser;1;GMS;GMS : Skin Care;non
GARNIERskin active - green tea mattifying cream;GARNIER;skin active - green tea mattifying cream;1;GMS;GMS : Skin Care;non
GARNIERskin active - hyaluron cryo jelly sheet mask;GARNIER;skin active - hyaluron cryo jelly sheet mask;1;GMS;GMS : Skin Care;non
GARNIERskin active - invisible pimple patches;GARNIER;skin active - invisible pimple patches;1;GMS;GMS : Skin Care;non
GARNIERskin active - micellar bi-phased solution;GARNIER;skin active - micellar bi-phased solution;1;Face Care;Face Care : Cleansers & make-up removers;non
GARNIERskin active - micellar cleansing water - all skin types;GARNIER;skin active - micellar cleansing water - all skin types;1;Face Care;Face Care : Cleansers & make-up removers;non
GARNIERskin active - micellar oil-infused water;GARNIER;skin active - micellar oil-infused water;1;Face Care;Face Care : Cleansers & make-up removers;non
GARNIERskin active - nutri bomb almond milk sheet mask;GARNIER;skin active - nutri bomb almond milk sheet mask;1;GMS;GMS : Skin Care;non
GARNIERskin active - orange hydra bomb eye sheet mask;GARNIER;skin active - orange hydra bomb eye sheet mask;1;GMS;GMS : Skin Care;non
GARNIERskin active - vitamin c 4% eye cream;GARNIER;skin active - vitamin c 4% eye cream;1;GMS;GMS : Skin Care;non
GARNIERskin active - vitamin c glow organic day cream;GARNIER;skin active - vitamin c glow organic day cream;1;GMS;GMS : Skin Care;non
GARNIERultra doux - aloe/shea - cream;GARNIER;ultra doux - aloe/shea - cream;1;GMS;GMS : Hair Care;non
GARNIERultra doux - argan/almond - mask;GARNIER;ultra doux - argan/almond - mask;1;GMS;GMS : Hair Care;non
GARNIERultra doux - camelia argan - oil;GARNIER;ultra doux - camelia argan - oil;1;GMS;GMS : Hair Care;non
GARNIERultra doux - charcoal nigella seed - conditioner;GARNIER;ultra doux - charcoal nigella seed - conditioner;1;GMS;GMS : Hair Care;non
GARNIERultra doux - coco milk/macadamia - conditioner;GARNIER;ultra doux - coco milk/macadamia - conditioner;1;GMS;GMS : Hair Care;non
GARNIERultra doux - ginger recovery - mask;GARNIER;ultra doux - ginger recovery - mask;1;GMS;GMS : Hair Care;non
GARNIERultra doux - honey elixir - repairing serum;GARNIER;ultra doux - honey elixir - repairing serum;1;Hair Care;Hair Care : Damaged Hair;non
GARNIERultra doux - honey treasures - conditioner;GARNIER;ultra doux - honey treasures - conditioner;1;GMS;GMS : Hair Care;non
GARNIERultra doux - honey treasures - mask;GARNIER;ultra doux - honey treasures - mask;1;GMS;GMS : Hair Care;non
GARNIERultra doux - rice water - 1 mn mask;GARNIER;ultra doux - rice water - 1 mn mask;1;GMS;GMS : Hair Care;non
GARNIERvitamin c - fresh & bright sorbet cream;GARNIER;vitamin c - fresh & bright sorbet cream;1;GMS;GMS : Skin Care;non
GARNIERvitamin c - wonder tint spf 50;GARNIER;vitamin c - wonder tint spf 50;1;GMS;GMS : Skin Care;non
GUMdenture - brush;GUM;denture - brush;1;Brush;Brush : Accessories;non
GUMend-tuft - single tuft toothbrush;GUM;end-tuft - single tuft toothbrush;1;Manual Toothbrush;Manual Toothbrush : Adults;non
GUMexpanding - floss;GUM;expanding - floss;1;Dental Floss;Dental Floss;non
GUMfine floss;GUM;fine floss;1;Dental Floss;Dental Floss;non
GUMgingidex - mouthwash;GUM;gingidex - mouthwash;1;Mouthwash;Mouthwash total;non
GUMortho - floss;GUM;ortho - floss;1;Dental Floss;Dental Floss;non
GUMortho - toothpaste;GUM;ortho - toothpaste;1;Toothpaste;Toothpaste total;non
GUMortho - wax;GUM;ortho - wax;1;Toothpaste;Toothpaste total;non
GUMsoft-picks advanced - interdental micro brush;GUM;soft-picks advanced - interdental micro brush;1;Brush;Brush : Interdental;non
GUMsoft-picks original plus fluoride - interdental micro brush;GUM;soft-picks original plus fluoride - interdental micro brush;1;Brush;Brush : Interdental;non
GUMsonic sensitive - electric toothbrush;GUM;sonic sensitive - electric toothbrush;1;Elec Toothbrush;Elec Toothbrush : Brush;non
GUMtechnique pro - toothbrush;GUM;technique pro - toothbrush;1;Manual Toothbrush;Manual Toothbrush : Adults;non
GUMtravel - toothbrush;GUM;travel - toothbrush;1;Manual Toothbrush;Manual Toothbrush : Travel;non
HEAD & SHOULDERSanti démangeaison - shampoo;HEAD & SHOULDERS;anti démangeaison - shampoo;1;Hair Care;Hair Care : Sensitive Hair;non
HEAD & SHOULDERSapple fresh - shampoo;HEAD & SHOULDERS;apple fresh - shampoo;1;Hair Care;Hair Care : Anti-dandruff;non
HEAD & SHOULDERScitrus fresh - shampoo;HEAD & SHOULDERS;citrus fresh - shampoo;1;Hair Care;Hair Care : Anti-dandruff;non
HEAD & SHOULDERSderma x pro - hydration seal scalp balm hair shampoo;HEAD & SHOULDERS;derma x pro - hydration seal scalp balm hair shampoo;1;Hair Care;Hair Care : Anti-dandruff;non
HEAD & SHOULDERSderma x pro - soothing comfort conditioner;HEAD & SHOULDERS;derma x pro - soothing comfort conditioner;1;Hair Care;Hair Care : Sensitive Hair;non
HEAD & SHOULDERShairfall defense - anti dandruff shampoo;HEAD & SHOULDERS;hairfall defense - anti dandruff shampoo;1;Hair Care;Hair Care : Anti-dandruff;non
HEAD & SHOULDERStea tree fresh - anti dandruff shampoo;HEAD & SHOULDERS;tea tree fresh - anti dandruff shampoo;1;Hair Care;Hair Care : Anti-dandruff;non
INAVA1.2mm brush - interdental brush;INAVA;1.2mm brush - interdental brush;1;Brush;Brush : Interdental;non
INAVA1.8mm brush - interdental brush;INAVA;1.8mm brush - interdental brush;1;Brush;Brush : Interdental;non
INAVAdentofil - floss;INAVA;dentofil - floss;1;Dental Floss;Dental Floss;non
INAVAeluday - mouthwash;INAVA;eluday - mouthwash;1;Mouthwash;Mouthwash total;non
INAVAeludril - mouthwash;INAVA;eludril - mouthwash;1;Mouthwash;Mouthwash total;non
INAVAperiodontics - toothbrush;INAVA;periodontics - toothbrush;1;Manual Toothbrush;Manual Toothbrush : Adults;non
INAVApost operation 7/100 - toothbrush;INAVA;post operation 7/100 - toothbrush;1;Manual Toothbrush;Manual Toothbrush : Adults;non
ISDINage repair color - fusion water spf 50;ISDIN;age repair color - fusion water spf 50;1;Face Care;Face Care : Anti-Aging;non
ISDINbaby naturals - nutraisdin gel shampoo;ISDIN;baby naturals - nutraisdin gel shampoo;1;Baby Care;Baby Care : Shampoos;non
ISDINbaby naturals - nutraisdin restoring nappy ointment;ISDIN;baby naturals - nutraisdin restoring nappy ointment;1;Baby Care;Baby Care : Body And Face Creams;non
ISDINbexident - sensitive teeth toothpaste;ISDIN;bexident - sensitive teeth toothpaste;1;Toothpaste;Toothpaste total;non
ISDINbexident - whitening toothpaste;ISDIN;bexident - whitening toothpaste;1;Toothpaste;Toothpaste total;non
ISDINeryfotona night - ultra fluid;ISDIN;eryfotona night - ultra fluid;1;Sun Care;Sun Care : Sun protection;non
ISDINfoto ultra - solar allergy cream spf 50;ISDIN;foto ultra - solar allergy cream spf 50;1;Sun Care;Sun Care : Sun protection;non
ISDINfoto ultra 100 - active unify color cream spf 50;ISDIN;foto ultra 100 - active unify color cream spf 50;1;Face Care;Face Care : Depigmentation;non
ISDINfotoprotector - scalp & hair spray spf 50;ISDIN;fotoprotector - scalp & hair spray spf 50;1;Sun Care;Sun Care : Sun protection;non
ISDINfotoprotector - wet skin gel cream spf 50;ISDIN;fotoprotector - wet skin gel cream spf 50;1;Sun Care;Sun Care : Sun protection;non
ISDINfotoprotector pediatrics - gel cream spf 50;ISDIN;fotoprotector pediatrics - gel cream spf 50;1;Sun Care;Sun Care : Sun protection;non
ISDINfotoprotector pediatrics - lotion spray spf 50;ISDIN;fotoprotector pediatrics - lotion spray spf 50;1;Sun Care;Sun Care : Sun protection;non
ISDINfotoultra 100 - active unify color spf 50;ISDIN;fotoultra 100 - active unify color spf 50;1;Face Care;Face Care : Depigmentation;non
ISDINfotoultra 100 - spot prevent fusion fluid spf 50;ISDIN;fotoultra 100 - spot prevent fusion fluid spf 50;1;Face Care;Face Care : Acne Treatments;non
ISDINfusion water - color cream spf 50;ISDIN;fusion water - color cream spf 50;1;Sun Care;Sun Care : Sun protection;non
ISDINfusion water - magic glow spf 30;ISDIN;fusion water - magic glow spf 30;1;Sun Care;Sun Care : Sun protection;non
ISDINgermisdin - soap-free bath gel;ISDIN;germisdin - soap-free bath gel;1;Body Hygiene;Body Hygiene : Syndets;non
ISDINhelioderm - reparating lip balm;ISDIN;helioderm - reparating lip balm;1;Lips / Hands Care;Lips / Hands : Lip care;non
ISDINisdin warps - verrutops;ISDIN;isdin warps - verrutops;1;Other;Other : Other products;non
ISDINisdinceutics - essential cleaning;ISDIN;isdinceutics - essential cleaning;1;Body Hygiene;Body Hygiene : Syndets;non
ISDINisdinceutics - oil based cleanser;ISDIN;isdinceutics - oil based cleanser;1;Face Care;Face Care : Cleansers & make-up removers;non
ISDINisdinceutics - rejuvenate flavo c-forte serum;ISDIN;isdinceutics - rejuvenate flavo c-forte serum;1;Face Care;Face Care : Anti-Aging;non
ISDINisdinceutics - rejuvenate k-ox eye cream;ISDIN;isdinceutics - rejuvenate k-ox eye cream;1;Face Care;Face Care : Anti-Aging;non
ISDINisdinceutics prevent - hyaluronic concentrate;ISDIN;isdinceutics prevent - hyaluronic concentrate;1;Face Care;Face Care : Anti-Aging;non
ISDINisdinceutics prevent - hyaluronic moisture;ISDIN;isdinceutics prevent - hyaluronic moisture;1;Face Care;Face Care : Anti-Aging;non
ISDINk-ox eyes;ISDIN;k-ox eyes;1;Face Care;Face Care : Anti-Aging;non
ISDINlambda control - fresh deo roll on;ISDIN;lambda control - fresh deo roll on;1;Body Hygiene;Body Hygiene : Deodorants;non
ISDINmicellar solution 4 in 1 - micellar water;ISDIN;micellar solution 4 in 1 - micellar water;1;Face Care;Face Care : Cleansers & make-up removers;non
ISDINnutracel - pomade;ISDIN;nutracel - pomade;1;Body Care;Body Care : Body Moisturizer;non
ISDINnutradeica - anti-dandruff shampoo;ISDIN;nutradeica - anti-dandruff shampoo;1;Healing Care;Healing Care : Seborrheic Dermatitis;non
ISDINnutratopic pro amp - body cream;ISDIN;nutratopic pro amp - body cream;1;Body Care;Body Care : Body Moisturizer;non
ISDINprotector labial - lip balm spf 50;ISDIN;protector labial - lip balm spf 50;1;Lips / Hands Care;Lips / Hands : Lip care;non
ISDINtransparant spray - sunscreen;ISDIN;transparant spray - sunscreen;1;Sun Care;Sun Care : Sun protection;non
ISDINureadin - anti-wrinkle;ISDIN;ureadin - anti-wrinkle;1;Face Care;Face Care : Anti-Aging;non
ISDINureadin - lotion 10 intense hydration lotion;ISDIN;ureadin - lotion 10 intense hydration lotion;1;Body Care;Body Care : Body Moisturizer;non
ISDINwoman - body oil;ISDIN;woman - body oil;1;Body Hygiene;Body Hygiene : Intimate Hygiene;non
KERASTASEblond absolu - 2% pure hyaluronic acid serum;KERASTASE;blond absolu - 2% pure hyaluronic acid serum;1;Hair Care;Hair Care : Damaged Hair;non
KERASTASEblond absolu - cicaextreme oil;KERASTASE;blond absolu - cicaextreme oil;1;Hair Care;Hair Care : Damaged Hair;non
KERASTASEcurl manifesto - sublime repair - scalp & hair oil;KERASTASE;curl manifesto - sublime repair - scalp & hair oil;1;Hair Care;Hair Care : Dry Hair;non
KERASTASEdensifique - densimorphose - densifying treatment mousse;KERASTASE;densifique - densimorphose - densifying treatment mousse;1;Hair Care;Hair Care : Anti Hair Loss;non
KERASTASEdensifique homme - bain densité - shampoo;KERASTASE;densifique homme - bain densité - shampoo;1;Hair Care;Hair Care : Anti Hair Loss;non
KERASTASEfusio scrub - energizing scrub;KERASTASE;fusio scrub - energizing scrub;1;Hair Care;Hair Care : Anti-dandruff;non
KERASTASEgenesis homme - thickness boosting shampoo;KERASTASE;genesis homme - thickness boosting shampoo;1;Hair Care;Hair Care : Anti Hair Loss;non
KERASTASEsoleil - uv sublime cream;KERASTASE;soleil - uv sublime cream;1;Hair Care;Hair Care : Sun Care;non
KERASTASEspecifique - stimuliste - anti-hairloss treatment spray;KERASTASE;specifique - stimuliste - anti-hairloss treatment spray;1;Hair Care;Hair Care : Anti Hair Loss;non
KLORANEalmond - softness & hold shampoo;KLORANE;almond - softness & hold shampoo;1;Hair Care;Hair Care : Normal Hair;non
KLORANEalthea - deodorant;KLORANE;althea - deodorant;1;Body Hygiene;Body Hygiene : Deodorants;non
KLORANEaquatic mint - 3 in 1 purifying powder;KLORANE;aquatic mint - 3 in 1 purifying powder;1;Face Care;Face Care : Acne Treatments;non
KLORANEaquatic mint - anti pollution detox shampoo;KLORANE;aquatic mint - anti pollution detox shampoo;1;Hair Care;Hair Care : Greasy Hair;non
KLORANEaquatic mint - purifying stick mask;KLORANE;aquatic mint - purifying stick mask;1;Face Care;Face Care : Acne Treatments;non
KLORANEaquatic mint - purity cream;KLORANE;aquatic mint - purity cream;1;Face Care;Face Care : Acne Treatments;non
KLORANEcitrus - solid shampoo;KLORANE;citrus - solid shampoo;1;Hair Care;Hair Care : Greasy Hair;non
KLORANEcornflower - eye make-up remover wtp;KLORANE;cornflower - eye make-up remover wtp;1;Face Care;Face Care : Cleansers & make-up removers;non
KLORANEcornflower - makeup remover cleansing cream;KLORANE;cornflower - makeup remover cleansing cream;1;Face Care;Face Care : Cleansers & make-up removers;non
KLORANEcornflower - micellar water;KLORANE;cornflower - micellar water;1;Face Care;Face Care : Cleansers & make-up removers;non
KLORANEcupuacu - repairing cica serum;KLORANE;cupuacu - repairing cica serum;1;Hair Care;Hair Care : Dry Hair;non
KLORANEcupuacu - repairing shampoo;KLORANE;cupuacu - repairing shampoo;1;Hair Care;Hair Care : Dry Hair;non
KLORANEcupuacu & cedar bark - nourishing shower gel;KLORANE;cupuacu & cedar bark - nourishing shower gel;1;Body Hygiene;Body Hygiene : Syndets;non
KLORANEjunior - oat - detangling shampoo;KLORANE;junior - oat - detangling shampoo;1;Hair Care;Hair Care : Normal Hair;non
KLORANEmango - nourishing mask;KLORANE;mango - nourishing mask;1;Hair Care;Hair Care : Dry Hair;non
KLORANEpomegranate - color enhancing shampoo;KLORANE;pomegranate - color enhancing shampoo;1;Hair Care;Hair Care : Colored Hair;non
KLORANEpomegranate - radiance color-treated hair shampoo;KLORANE;pomegranate - radiance color-treated hair shampoo;1;Hair Care;Hair Care : Colored Hair;non
KLORANEsweet almond - cold wax strips;KLORANE;sweet almond - cold wax strips;1;Men Care;Men Care : Shaving;non
KLORANEsweet almond - soothing hair removal cream;KLORANE;sweet almond - soothing hair removal cream;1;Men Care;Men Care : Shaving;non
L'ORÉAL PARISaccord parfait - serum concealer;L'ORÉAL PARIS;accord parfait - serum concealer;1;GMS;GMS : Skin Care;non
L'ORÉAL PARISage expertise - cream 45;L'ORÉAL PARIS;age expertise - cream 45;1;Face Care;Face Care : Anti-Aging;non
L'ORÉAL PARISage perfect - cell renewal - day cream spf 30;L'ORÉAL PARIS;age perfect - cell renewal - day cream spf 30;1;Face Care;Face Care : Anti-Aging;non
L'ORÉAL PARISage perfect - cell renewal - eye cream;L'ORÉAL PARIS;age perfect - cell renewal - eye cream;1;Face Care;Face Care : Anti-Aging;non
L'ORÉAL PARISage perfect - cream eyeshadow;L'ORÉAL PARIS;age perfect - cream eyeshadow;1;Face Care;Face Care : Anti-Aging;non
L'ORÉAL PARISage perfect - day cream;L'ORÉAL PARIS;age perfect - day cream;1;Face Care;Face Care : Anti-Aging;non
L'ORÉAL PARISage perfect - eye cream;L'ORÉAL PARIS;age perfect - eye cream;1;Face Care;Face Care : Anti-Aging;non
L'ORÉAL PARISage perfect - set;L'ORÉAL PARIS;age perfect - set;1;Face Care;Face Care : Anti-Aging;non
L'ORÉAL PARISage perfect golden age - night cream;L'ORÉAL PARIS;age perfect golden age - night cream;1;Face Care;Face Care : Anti-Aging;non
L'ORÉAL PARISage perfect golden age - rosy re-fortifying day cream;L'ORÉAL PARIS;age perfect golden age - rosy re-fortifying day cream;1;Face Care;Face Care : Anti-Aging;non
L'ORÉAL PARISbb c'est magic - 5 in 1 bb cream spf 20;L'ORÉAL PARIS;bb c'est magic - 5 in 1 bb cream spf 20;1;GMS;GMS : Skin Care;non
L'ORÉAL PARISblurfiller - blurring lip contour;L'ORÉAL PARIS;blurfiller - blurring lip contour;1;Make-up;Make-up : Lips;non
L'ORÉAL PARIScc c'est magique - cc cream spf 20;L'ORÉAL PARIS;cc c'est magique - cc cream spf 20;1;GMS;GMS : Skin Care;non
L'ORÉAL PARIScolor riche - khol eyeliner;L'ORÉAL PARIS;color riche - khol eyeliner;1;Make-up;Make-up : Eyes;non
L'ORÉAL PARIScolor riche - lip liner;L'ORÉAL PARIS;color riche - lip liner;1;Lips / Hands Care;Lips / Hands : Lip care;non
L'ORÉAL PARIScolor riche - ultra matte lipstick;L'ORÉAL PARIS;color riche - ultra matte lipstick;1;Make-up;Make-up : Lips;non
L'ORÉAL PARISeau micellaire - peaux normales à sèches;L'ORÉAL PARIS;eau micellaire - peaux normales à sèches;1;GMS;GMS : Skin Care;non
L'ORÉAL PARISelsève - anti-dandruff shampoo;L'ORÉAL PARIS;elsève - anti-dandruff shampoo;1;Hair Care;Hair Care : Anti-dandruff;non
L'ORÉAL PARISelsève - bond repair - shampoo;L'ORÉAL PARIS;elsève - bond repair - shampoo;1;Hair Care;Hair Care : Dry Hair;non
L'ORÉAL PARISelsève - collagen lifter - conditioner;L'ORÉAL PARIS;elsève - collagen lifter - conditioner;1;GMS;GMS : Hair Care;non
L'ORÉAL PARISelsève - color vive - conditioner;L'ORÉAL PARIS;elsève - color vive - conditioner;1;Hair Care;Hair Care : Colored Hair;non
L'ORÉAL PARISelsève - color vive - mask;L'ORÉAL PARIS;elsève - color vive - mask;1;Hair Care;Hair Care : Colored Hair;non
L'ORÉAL PARISelsève - color vive - purple mask;L'ORÉAL PARIS;elsève - color vive - purple mask;1;Hair Care;Hair Care : Colored Hair;non
L'ORÉAL PARISelsève - color vive - shampoo;L'ORÉAL PARIS;elsève - color vive - shampoo;1;Hair Care;Hair Care : Colored Hair;non
L'ORÉAL PARISelsève - extraordinary oil - leave in cream;L'ORÉAL PARIS;elsève - extraordinary oil - leave in cream;1;GMS;GMS : Hair Care;non
L'ORÉAL PARISelsève - extraordinary oil - oil-in-cream;L'ORÉAL PARIS;elsève - extraordinary oil - oil-in-cream;1;GMS;GMS : Hair Care;non
L'ORÉAL PARISelsève - extraordinary oil - rapid reviver conditioner;L'ORÉAL PARIS;elsève - extraordinary oil - rapid reviver conditioner;1;GMS;GMS : Hair Care;non
L'ORÉAL PARISelsève - full resist - 1.5% aminexil anti hair loss serum;L'ORÉAL PARIS;elsève - full resist - 1.5% aminexil anti hair loss serum;1;Hair Care;Hair Care : Anti Hair Loss;non
L'ORÉAL PARISelsève - full resist - mask;L'ORÉAL PARIS;elsève - full resist - mask;1;GMS;GMS : Hair Care;non
L'ORÉAL PARISelsève - glycolic gloss - 5 min hair lamination;L'ORÉAL PARIS;elsève - glycolic gloss - 5 min hair lamination;1;Hair Care;Hair Care : Normal Hair;non
L'ORÉAL PARISelsève - glycolic gloss - shampoo;L'ORÉAL PARIS;elsève - glycolic gloss - shampoo;1;GMS;GMS : Hair Care;non
L'ORÉAL PARISelsève - hydra-hyaluronic - 8 second wonder water;L'ORÉAL PARIS;elsève - hydra-hyaluronic - 8 second wonder water;1;GMS;GMS : Hair Care;non
L'ORÉAL PARISelsève - hydra-hyaluronic - conditioner;L'ORÉAL PARIS;elsève - hydra-hyaluronic - conditioner;1;GMS;GMS : Hair Care;non
L'ORÉAL PARISelsève - hydra-hyaluronic - mask;L'ORÉAL PARIS;elsève - hydra-hyaluronic - mask;1;GMS;GMS : Hair Care;non
L'ORÉAL PARISelsève - liss intense - shampooing disciplinant;L'ORÉAL PARIS;elsève - liss intense - shampooing disciplinant;1;GMS;GMS : Hair Care;non
L'ORÉAL PARISelsève - nutri-gloss - shampooing embellisseur;L'ORÉAL PARIS;elsève - nutri-gloss - shampooing embellisseur;1;GMS;GMS : Hair Care;non
L'ORÉAL PARISelsève - total repair 5 - cica repair balm;L'ORÉAL PARIS;elsève - total repair 5 - cica repair balm;1;Hair Care;Hair Care : Dry Hair;non
L'ORÉAL PARISelsève - total repair 5 - repairing conditioner;L'ORÉAL PARIS;elsève - total repair 5 - repairing conditioner;1;Hair Care;Hair Care : Dry Hair;non
L'ORÉAL PARISelsève dream long - 8 second wonder water;L'ORÉAL PARIS;elsève dream long - 8 second wonder water;1;GMS;GMS : Hair Care;non
L'ORÉAL PARISelsève dream long - air volume dry shampoo;L'ORÉAL PARIS;elsève dream long - air volume dry shampoo;1;GMS;GMS : Hair Care;non
L'ORÉAL PARISelsève dream long - no haircut cream;L'ORÉAL PARIS;elsève dream long - no haircut cream;1;GMS;GMS : Hair Care;non
L'ORÉAL PARISelsève dream long - savior fiber mask;L'ORÉAL PARIS;elsève dream long - savior fiber mask;1;GMS;GMS : Hair Care;non
L'ORÉAL PARISelsève fiber booster - set;L'ORÉAL PARIS;elsève fiber booster - set;1;GMS;GMS : Hair Care;non
L'ORÉAL PARISexcellence cool creme - triple care colour hair dye;L'ORÉAL PARIS;excellence cool creme - triple care colour hair dye;1;GMS;GMS : Skin Care;non
L'ORÉAL PARISexcellence creme - triple care colour dye;L'ORÉAL PARIS;excellence creme - triple care colour dye;1;GMS;GMS : Skin Care;non
L'ORÉAL PARISexpress - eye & lip makeup remover;L'ORÉAL PARIS;express - eye & lip makeup remover;1;Face Care;Face Care : Cleansers & make-up removers;non
L'ORÉAL PARIShaute expertise - pure liss - shampooing lissage et discipline;L'ORÉAL PARIS;haute expertise - pure liss - shampooing lissage et discipline;1;GMS;GMS : Hair Care;non
L'ORÉAL PARIShydrafresh - gel cream normal-oily;L'ORÉAL PARIS;hydrafresh - gel cream normal-oily;1;GMS;GMS : Skin Care;non
L'ORÉAL PARISinfaillible - grip gel eyeliner;L'ORÉAL PARIS;infaillible - grip gel eyeliner;1;GMS;GMS : Skin Care;non
L'ORÉAL PARISinfaillible - lipstick;L'ORÉAL PARIS;infaillible - lipstick;1;Make-up;Make-up : Lips;non
L'ORÉAL PARISinfaillible - magic loose powder;L'ORÉAL PARIS;infaillible - magic loose powder;1;GMS;GMS : Skin Care;non
L'ORÉAL PARISinfaillible 24h - foundation;L'ORÉAL PARIS;infaillible 24h - foundation;1;GMS;GMS : Skin Care;non
L'ORÉAL PARISinfaillible 24h - fresh wear foundation;L'ORÉAL PARIS;infaillible 24h - fresh wear foundation;1;GMS;GMS : Skin Care;non
L'ORÉAL PARISinfaillible 32h - fresh wear fdt spf 25;L'ORÉAL PARIS;infaillible 32h - fresh wear fdt spf 25;1;GMS;GMS : Skin Care;non
L'ORÉAL PARISinfaillible brow lamination - brow mascara;L'ORÉAL PARIS;infaillible brow lamination - brow mascara;1;Make-up;Make-up : Eyes;non
L'ORÉAL PARISinfaillible grip - 36h micro fine brush eyeliner;L'ORÉAL PARIS;infaillible grip - 36h micro fine brush eyeliner;1;GMS;GMS : Skin Care;non
L'ORÉAL PARISle shadow stick - eyeshadow stick;L'ORÉAL PARIS;le shadow stick - eyeshadow stick;1;GMS;GMS : Skin Care;non
L'ORÉAL PARISle voyage enchanté - set;L'ORÉAL PARIS;le voyage enchanté - set;1;GMS;GMS : Skin Care;non
L'ORÉAL PARISmen expert - at shirt protect 48h - spray;L'ORÉAL PARIS;men expert - at shirt protect 48h - spray;1;GMS;GMS : Skin Care;non
L'ORÉAL PARISmen expert - barber club 48h deo roll on;L'ORÉAL PARIS;men expert - barber club 48h deo roll on;1;GMS;GMS : Skin Care;non
L'ORÉAL PARISmen expert - hydra energetic extreme sport shower gel;L'ORÉAL PARIS;men expert - hydra energetic extreme sport shower gel;1;GMS;GMS : Skin Care;non
L'ORÉAL PARISmen expert - hydra energetic gel cleanser;L'ORÉAL PARIS;men expert - hydra energetic gel cleanser;1;GMS;GMS : Skin Care;non
L'ORÉAL PARISmen expert - hydra energy anti shine cooling gel;L'ORÉAL PARIS;men expert - hydra energy anti shine cooling gel;1;Men Care;Men Care : Skin Care;non
L'ORÉAL PARISmen expert - hydra energy invisible fluid spf 50;L'ORÉAL PARIS;men expert - hydra energy invisible fluid spf 50;1;Men Care;Men Care : Skin Care;non
L'ORÉAL PARISmen expert - hydra intensive moisturizer;L'ORÉAL PARIS;men expert - hydra intensive moisturizer;1;Men Care;Men Care : Skin Care;non
L'ORÉAL PARISmen expert - magnesium defence face wash;L'ORÉAL PARIS;men expert - magnesium defence face wash;1;GMS;GMS : Skin Care;non
L'ORÉAL PARISmen expert - power age recharging night gel;L'ORÉAL PARIS;men expert - power age recharging night gel;1;GMS;GMS : Skin Care;non
L'ORÉAL PARISnude magique - blur cream;L'ORÉAL PARIS;nude magique - blur cream;1;GMS;GMS : Skin Care;non
L'ORÉAL PARISnude magique - eau de teint;L'ORÉAL PARIS;nude magique - eau de teint;1;GMS;GMS : Skin Care;non
L'ORÉAL PARISparadise big deal - mascara;L'ORÉAL PARIS;paradise big deal - mascara;1;Make-up;Make-up : Eyes;non
L'ORÉAL PARISplump ambition - hyaluron lip oil;L'ORÉAL PARIS;plump ambition - hyaluron lip oil;1;Make-up;Make-up : Lips;non
L'ORÉAL PARISpréférence - cool blondes;L'ORÉAL PARIS;préférence - cool blondes;1;GMS;GMS : Skin Care;non
L'ORÉAL PARISrejuvenating routine - set;L'ORÉAL PARIS;rejuvenating routine - set;1;Face Care;Face Care : Anti-Aging;non
L'ORÉAL PARISrevitalift - day cream fragrance free;L'ORÉAL PARIS;revitalift - day cream fragrance free;1;Face Care;Face Care : Anti-Aging;non
L'ORÉAL PARISrevitalift - day cream spf 30;L'ORÉAL PARIS;revitalift - day cream spf 30;1;Face Care;Face Care : Anti-Aging;non
L'ORÉAL PARISrevitalift - energising red day cream;L'ORÉAL PARIS;revitalift - energising red day cream;1;Face Care;Face Care : Anti-Aging;non
L'ORÉAL PARISrevitalift - eye cream;L'ORÉAL PARIS;revitalift - eye cream;1;Face Care;Face Care : Anti-Aging;non
L'ORÉAL PARISrevitalift - face and neck cream;L'ORÉAL PARIS;revitalift - face and neck cream;1;Face Care;Face Care : Anti-Aging;non
L'ORÉAL PARISrevitalift - night cream;L'ORÉAL PARIS;revitalift - night cream;1;Face Care;Face Care : Anti-Aging;non
L'ORÉAL PARISrevitalift - soin rouge défatigant;L'ORÉAL PARIS;revitalift - soin rouge défatigant;1;Face Care;Face Care : Anti-Aging;non
L'ORÉAL PARISrevitalift bright reveal - niacinamide dark spot serum;L'ORÉAL PARIS;revitalift bright reveal - niacinamide dark spot serum;1;Face Care;Face Care : Depigmentation;non
L'ORÉAL PARISrevitalift filler - anti age serum;L'ORÉAL PARIS;revitalift filler - anti age serum;1;Face Care;Face Care : Anti-Aging;non
L'ORÉAL PARISrevitalift filler - deep replumping cream spf 50;L'ORÉAL PARIS;revitalift filler - deep replumping cream spf 50;1;Face Care;Face Care : Anti-Aging;non
L'ORÉAL PARISrevitalift filler h.a. - night cream;L'ORÉAL PARIS;revitalift filler h.a. - night cream;1;Face Care;Face Care : Anti-Aging;non
L'ORÉAL PARISrevitalift laser - pure retinol night serum;L'ORÉAL PARIS;revitalift laser - pure retinol night serum;1;Face Care;Face Care : Anti-Aging;non
L'ORÉAL PARISrevitalift laser x3 - set;L'ORÉAL PARIS;revitalift laser x3 - set;1;Face Care;Face Care : Anti-Aging;non
L'ORÉAL PARISrouge signature - matte liquid lipstick;L'ORÉAL PARIS;rouge signature - matte liquid lipstick;1;Make-up;Make-up : Lips;non
L'ORÉAL PARISstudio line - indestructible wax;L'ORÉAL PARIS;studio line - indestructible wax;1;GMS;GMS : Hair Care;non
L'ORÉAL PARIStelescopic lift - mascara wtp;L'ORÉAL PARIS;telescopic lift - mascara wtp;1;Make-up;Make-up : Eyes;non
L'ORÉAL PARIStriple active - dry & sensitive day cream;L'ORÉAL PARIS;triple active - dry & sensitive day cream;1;GMS;GMS : Skin Care;non
L'ORÉAL PARISunbelieva brow micro tatouage;L'ORÉAL PARIS;unbelieva brow micro tatouage;1;GMS;GMS : Hair Care;non
L'ORÉAL PARISwtp eye make up remover;L'ORÉAL PARIS;wtp eye make up remover;1;GMS;GMS : Skin Care;non
L'ORÉAL PROFESSIONNELabsolut repair - ampoules;L'ORÉAL PROFESSIONNEL;absolut repair - ampoules;1;Hair Care;Hair Care : Damaged Hair;non
L'ORÉAL PROFESSIONNELabsolut repair - instant resurfacing conditioner;L'ORÉAL PROFESSIONNEL;absolut repair - instant resurfacing conditioner;1;Hair Care;Hair Care : Damaged Hair;non
L'ORÉAL PROFESSIONNELblondifier - conditioner;L'ORÉAL PROFESSIONNEL;blondifier - conditioner;1;Marques coiffeurs;Coif : Hair Care;non
L'ORÉAL PROFESSIONNELelnett satin - normal hold spray;L'ORÉAL PROFESSIONNEL;elnett satin - normal hold spray;1;Marques coiffeurs;Coif : Hair Care;non
L'ORÉAL PROFESSIONNELhair touch up - root concealer;L'ORÉAL PROFESSIONNEL;hair touch up - root concealer;1;Marques coiffeurs;Coif : Hair Care;non
L'ORÉAL PROFESSIONNELinfinium - pure hairspray;L'ORÉAL PROFESSIONNEL;infinium - pure hairspray;1;Marques coiffeurs;Coif : Hair Care;non
L'ORÉAL PROFESSIONNELliss unlimited - intensive smoother shampoo;L'ORÉAL PROFESSIONNEL;liss unlimited - intensive smoother shampoo;1;Marques coiffeurs;Coif : Hair Care;non
L'ORÉAL PROFESSIONNELliss unlimited - smoother serum;L'ORÉAL PROFESSIONNEL;liss unlimited - smoother serum;1;Marques coiffeurs;Coif : Hair Care;non
L'ORÉAL PROFESSIONNELscalp advanced - dermo-clarifier shampoo;L'ORÉAL PROFESSIONNEL;scalp advanced - dermo-clarifier shampoo;1;Hair Care;Hair Care : Anti-dandruff;non
L'ORÉAL PROFESSIONNELscalp advanced - treatment;L'ORÉAL PROFESSIONNEL;scalp advanced - treatment;1;Marques coiffeurs;Coif : Hair Care;non
L'ORÉAL PROFESSIONNELtecni art - fix design;L'ORÉAL PROFESSIONNEL;tecni art - fix design;1;Marques coiffeurs;Coif : Hair Care;non
L'ORÉAL PROFESSIONNELtecni art - liss control gel cream;L'ORÉAL PROFESSIONNEL;tecni art - liss control gel cream;1;Marques coiffeurs;Coif : Hair Care;non
L'ORÉAL PROFESSIONNELtecni art - stiff paste;L'ORÉAL PROFESSIONNEL;tecni art - stiff paste;1;Marques coiffeurs;Coif : Hair Care;non
L'ORÉAL PROFESSIONNELtecni art - volume lift spray-mousse;L'ORÉAL PROFESSIONNEL;tecni art - volume lift spray-mousse;1;Marques coiffeurs;Coif : Hair Care;non
L'ORÉAL PROFESSIONNELvitamino color - 10 in 1 professional milk;L'ORÉAL PROFESSIONNEL;vitamino color - 10 in 1 professional milk;1;Hair Care;Hair Care : Colourants;non
L'ORÉAL PROFESSIONNELvitamino color - conditioner;L'ORÉAL PROFESSIONNEL;vitamino color - conditioner;1;Hair Care;Hair Care : Colored Hair;non
L'ORÉAL PROFESSIONNELvitamino color - set;L'ORÉAL PROFESSIONNEL;vitamino color - set;1;Hair Care;Hair Care : Colored Hair;non
L'ORÉAL PROFESSIONNELvitamino color a-ox - shampoo;L'ORÉAL PROFESSIONNEL;vitamino color a-ox - shampoo;1;Hair Care;Hair Care : Colored Hair;non
LA ROCHE POSAYanthelios - dermo-pediatrics invisible spray spf 50;LA ROCHE POSAY;anthelios - dermo-pediatrics invisible spray spf 50;1;Sun Care;Sun Care : Sun protection;non
LA ROCHE POSAYanthelios - hydrating lotion - no white marks - spf 50;LA ROCHE POSAY;anthelios - hydrating lotion - no white marks - spf 50;1;Sun Care;Sun Care : Sun protection;non
LA ROCHE POSAYanthelios - invisible spray - ultra protection spf 30;LA ROCHE POSAY;anthelios - invisible spray - ultra protection spf 30;1;Sun Care;Sun Care : Sun protection;non
LA ROCHE POSAYanthelios - ka - spf 100 med cream;LA ROCHE POSAY;anthelios - ka - spf 100 med cream;1;Sun Care;Sun Care : Sun protection;non
LA ROCHE POSAYanthelios - lip stick spf 50 plus;LA ROCHE POSAY;anthelios - lip stick spf 50 plus;1;Lips / Hands Care;Lips / Hands : Lip care;non
LA ROCHE POSAYanthelios - oil correct spf 50 plus;LA ROCHE POSAY;anthelios - oil correct spf 50 plus;1;Sun Care;Sun Care : Sun protection;non
LA ROCHE POSAYanthelios - set;LA ROCHE POSAY;anthelios - set;1;Sun Care;Sun Care : Sun protection;non
LA ROCHE POSAYanthelios - shaka fluid invisible spf 30;LA ROCHE POSAY;anthelios - shaka fluid invisible spf 30;1;Sun Care;Sun Care : Sun protection;non
LA ROCHE POSAYanthelios - shaka fluid invisible spf 50;LA ROCHE POSAY;anthelios - shaka fluid invisible spf 50;1;Sun Care;Sun Care : Sun protection;non
LA ROCHE POSAYanthelios uvmune 400 - dermo-pediatrics invisible spray spf 50;LA ROCHE POSAY;anthelios uvmune 400 - dermo-pediatrics invisible spray spf 50;1;Sun Care;Sun Care : Sun protection;non
LA ROCHE POSAYanthelios xl - dry touch gel-cream anti-shine spf 50 plus;LA ROCHE POSAY;anthelios xl - dry touch gel-cream anti-shine spf 50 plus;1;Sun Care;Sun Care : Sun protection;non
LA ROCHE POSAYanthelios xl - ultra-light invisible mist spf 50;LA ROCHE POSAY;anthelios xl - ultra-light invisible mist spf 50;1;Sun Care;Sun Care : Sun protection;non
LA ROCHE POSAYcicaplast - set;LA ROCHE POSAY;cicaplast - set;1;Healing Care;Healing Care : Skin Repair;non
LA ROCHE POSAYcleansing micellar foaming water;LA ROCHE POSAY;cleansing micellar foaming water;1;Face Care;Face Care : Cleansers & make-up removers;non
LA ROCHE POSAYdeodorant physiologique 48h - spray;LA ROCHE POSAY;deodorant physiologique 48h - spray;1;Body Hygiene;Body Hygiene : Deodorants;non
LA ROCHE POSAYeffaclar - duo (plus) spf 30;LA ROCHE POSAY;effaclar - duo (plus) spf 30;1;Face Care;Face Care : Acne Treatments;non
LA ROCHE POSAYeffaclar - k (plus);LA ROCHE POSAY;effaclar - k (plus);1;Face Care;Face Care : Acne Treatments;non
LA ROCHE POSAYeffaclar - micellar water ultra;LA ROCHE POSAY;effaclar - micellar water ultra;1;Face Care;Face Care : Acne Treatments;non
LA ROCHE POSAYeffaclar - sebo-controlling mask;LA ROCHE POSAY;effaclar - sebo-controlling mask;1;Face Care;Face Care : Acne Treatments;non
LA ROCHE POSAYeffaclar h - cleansing cream dry skin;LA ROCHE POSAY;effaclar h - cleansing cream dry skin;1;Face Care;Face Care : Acne Treatments;non
LA ROCHE POSAYhyalu b5 - set;LA ROCHE POSAY;hyalu b5 - set;1;Face Care;Face Care : Anti-Aging;non
LA ROCHE POSAYhyalu b5 - suractivated cream spf 30;LA ROCHE POSAY;hyalu b5 - suractivated cream spf 30;1;Face Care;Face Care : Anti-Aging;non
LA ROCHE POSAYhydraphase - intense serum;LA ROCHE POSAY;hydraphase - intense serum;1;Face Care;Face Care : Moisturisers;non
LA ROCHE POSAYhydraphase ha - rich moisturizer spf 25;LA ROCHE POSAY;hydraphase ha - rich moisturizer spf 25;1;Face Care;Face Care : Moisturisers;non
LA ROCHE POSAYhydraphase ha - set;LA ROCHE POSAY;hydraphase ha - set;1;Face Care;Face Care : Moisturisers;non
LA ROCHE POSAYkerium - ds anti-dandruff shampoo;LA ROCHE POSAY;kerium - ds anti-dandruff shampoo;1;Healing Care;Healing Care : Seborrheic Dermatitis;non
LA ROCHE POSAYkerium - ds cream;LA ROCHE POSAY;kerium - ds cream;1;Healing Care;Healing Care : Seborrheic Dermatitis;non
LA ROCHE POSAYkerium - set;LA ROCHE POSAY;kerium - set;1;Hair Care;Hair Care : Normal Hair;non
LA ROCHE POSAYlipikar - fluide;LA ROCHE POSAY;lipikar - fluide;1;Body Care;Body Care : Body Moisturizer;non
LA ROCHE POSAYlipikar - urea 30 gel;LA ROCHE POSAY;lipikar - urea 30 gel;1;Body Care;Body Care : Body Moisturizer;non
LA ROCHE POSAYlipikar ap plus m - triple repair moisturizing cream;LA ROCHE POSAY;lipikar ap plus m - triple repair moisturizing cream;1;Body Care;Body Care : Body Moisturizer;non
LA ROCHE POSAYlipikar syndet ap plus - lipid replenishing wash cream;LA ROCHE POSAY;lipikar syndet ap plus - lipid replenishing wash cream;1;Body Hygiene;Body Hygiene : Syndets;non
LA ROCHE POSAYlipikar xerand - hand repair cream;LA ROCHE POSAY;lipikar xerand - hand repair cream;1;Lips / Hands Care;Lips / Hands : Hand care;non
LA ROCHE POSAYnutritic - lip care;LA ROCHE POSAY;nutritic - lip care;1;Lips / Hands Care;Lips / Hands : Lip care;non
LA ROCHE POSAYpure vitamin c - purifying cleanser;LA ROCHE POSAY;pure vitamin c - purifying cleanser;1;Face Care;Face Care : Anti-Aging;non
LA ROCHE POSAYpure vitamin c - set;LA ROCHE POSAY;pure vitamin c - set;1;Face Care;Face Care : Anti-Aging;non
LA ROCHE POSAYredermic c - eye cream;LA ROCHE POSAY;redermic c - eye cream;1;Face Care;Face Care : Anti-Aging;non
LA ROCHE POSAYredermic r - anti-ageing sensitive eyes fill-on care;LA ROCHE POSAY;redermic r - anti-ageing sensitive eyes fill-on care;1;Face Care;Face Care : Anti-Aging;non
LA ROCHE POSAYrespectissime - multi-dimensions - mascara;LA ROCHE POSAY;respectissime - multi-dimensions - mascara;1;Make-up;Make-up : Lips;non
LA ROCHE POSAYsilicium - nail polish;LA ROCHE POSAY;silicium - nail polish;1;Make-up;Make-up : Nails;non
LA ROCHE POSAYsoothing toner sensitive skin;LA ROCHE POSAY;soothing toner sensitive skin;1;Face Care;Face Care : Cleansers & make-up removers;non
LA ROCHE POSAYsubstiane - extra riche - visible density and volume replenishing care;LA ROCHE POSAY;substiane - extra riche - visible density and volume replenishing care;1;Face Care;Face Care : Anti-Aging;non
LA ROCHE POSAYsubstiane - eyes;LA ROCHE POSAY;substiane - eyes;1;Face Care;Face Care : Anti-Aging;non
LA ROCHE POSAYtoleriane - eye pencil;LA ROCHE POSAY;toleriane - eye pencil;1;Make-up;Make-up : Eyes;non
LA ROCHE POSAYtoleriane - moisturizing lipstick;LA ROCHE POSAY;toleriane - moisturizing lipstick;1;Lips / Hands Care;Lips / Hands : Lip care;non
LA ROCHE POSAYtoleriane - purifying foaming cleanser;LA ROCHE POSAY;toleriane - purifying foaming cleanser;1;Face Care;Face Care : Cleansers & make-up removers;non
LA ROCHE POSAYtoleriane - silicium-based nail-polish;LA ROCHE POSAY;toleriane - silicium-based nail-polish;1;Make-up;Make-up : Nails;non
LA ROCHE POSAYtoleriane - silicium-based top coat;LA ROCHE POSAY;toleriane - silicium-based top coat;1;Make-up;Make-up : Nails;non
LA ROCHE POSAYtoleriane sensitive - hydrating moisturiser;LA ROCHE POSAY;toleriane sensitive - hydrating moisturiser;1;Face Care;Face Care : Moisturisers;non
LA ROCHE POSAYtoleriane teint - mattifying mousse foundation;LA ROCHE POSAY;toleriane teint - mattifying mousse foundation;1;Make-up;Make-up : Face;non
LA ROCHE POSAYtoleriane ultra - fluide;LA ROCHE POSAY;toleriane ultra - fluide;1;Face Care;Face Care : Soothing and Anti-redness;non
LA ROCHE POSAYtoleriane ultra - make-up remover;LA ROCHE POSAY;toleriane ultra - make-up remover;1;Face Care;Face Care : Soothing and Anti-redness;non
LA ROCHE POSAYultra - micellar water;LA ROCHE POSAY;ultra - micellar water;1;Face Care;Face Care : Cleansers & make-up removers;non
LA ROCHE POSAYultra - oil infused micellar water;LA ROCHE POSAY;ultra - oil infused micellar water;1;Face Care;Face Care : Cleansers & make-up removers;non
LA ROCHE POSAYultra - oil infused micellar water sensitive skin;LA ROCHE POSAY;ultra - oil infused micellar water sensitive skin;1;Face Care;Face Care : Cleansers & make-up removers;non
LA ROSÉEorganic cucumber - moisturizing cream gel;LA ROSÉE;organic cucumber - moisturizing cream gel;1;Face Care;Face Care : Moisturisers;non
LA ROSÉEorganic floral solutions - makeup remover micellar gel;LA ROSÉE;organic floral solutions - makeup remover micellar gel;1;Face Care;Face Care : Cleansers & make-up removers;non
LA ROSÉEsugar & organic vegetal oils - nourishing body scrub;LA ROSÉE;sugar & organic vegetal oils - nourishing body scrub;1;Body Care;Body Care : Scrubs;non
LA ROSÉEwax & vegetal oils - sos repairing balm;LA ROSÉE;wax & vegetal oils - sos repairing balm;1;Healing Care;Healing Care : Skin Repair;non
LES SECRETS DE LOLYbubble kiss - babies & kids gentle wash;LES SECRETS DE LOLY;bubble kiss - babies & kids gentle wash;1;Baby Care;Baby Care : Bar Soap And Syndets;non
LES SECRETS DE LOLYcurly hair routine - set;LES SECRETS DE LOLY;curly hair routine - set;1;Hair Care;Hair Care : Dry Hair;non
LUXEOLanti hair loss - shampoo;LUXEOL;anti hair loss - shampoo;1;Hair Care;Hair Care : Anti Hair Loss;non
LUXEOLcurly routine - set;LUXEOL;curly routine - set;1;Hair Care;Hair Care : Dry Hair;non
LUXEOLgrowth booster - lash serum;LUXEOL;growth booster - lash serum;1;Hair Care;Hair Care : Anti Hair Loss;non
LUXEOLkeratin - shampoo;LUXEOL;keratin - shampoo;1;Hair Care;Hair Care : Damaged Hair;non
LUXEOLprogressive hair loss - capsules;LUXEOL;progressive hair loss - capsules;1;Hair Care;Hair Care : Anti Hair Loss;non
LUXEOLstrengthening - shampoo;LUXEOL;strengthening - shampoo;1;Hair Care;Hair Care : Anti Hair Loss;non
LUXEOLthickening - set;LUXEOL;thickening - set;1;Hair Care;Hair Care : Thin Hair;non
MOROCCAN OILcolor continue - shampoo;MOROCCAN OIL;color continue - shampoo;1;Hair Care;Hair Care : Colored Hair;non
MOROCCAN OILcurl - control mousse;MOROCCAN OIL;curl - control mousse;1;Hair Care;Hair Care : Dry Hair;non
MOROCCAN OILcurl - intense cream;MOROCCAN OIL;curl - intense cream;1;Hair Care;Hair Care : Dry Hair;non
MOROCCAN OILextra volume - conditioner;MOROCCAN OIL;extra volume - conditioner;1;Hair Care;Hair Care : Thin Hair;non
MOROCCAN OILfrizz control - shampoo;MOROCCAN OIL;frizz control - shampoo;1;Hair Care;Hair Care : Dry Hair;non
MOROCCAN OILholiday hair - set;MOROCCAN OIL;holiday hair - set;1;Hair Care;Hair Care : Dry Hair;non
MOROCCAN OILstyle discovery - set;MOROCCAN OIL;style discovery - set;1;Hair Care;Hair Care : Styling Products;non
NEUTROGENAanti-shine - exfoliating gel;NEUTROGENA;anti-shine - exfoliating gel;1;Face Care;Face Care : Acne Treatments;non
NEUTROGENAblackhead eliminating - facial scrub;NEUTROGENA;blackhead eliminating - facial scrub;1;Face Care;Face Care : Acne Treatments;non
NEUTROGENAhydro boost - body gel lotion;NEUTROGENA;hydro boost - body gel lotion;1;Face Care;Face Care : Moisturisers;non
NEUTROGENAhydro boost - eye gel cream;NEUTROGENA;hydro boost - eye gel cream;1;Face Care;Face Care : Moisturisers;non
NEUTROGENAnorwegian formula - cracked heel foot cream;NEUTROGENA;norwegian formula - cracked heel foot cream;1;Other;Other : Foot Care;non
NEUTROGENAnorwegian formula - deep moisture body oil;NEUTROGENA;norwegian formula - deep moisture body oil;1;Body Care;Body Care : Body Moisturizer;non
NEUTROGENAnorwegian formula - firming body milk;NEUTROGENA;norwegian formula - firming body milk;1;Body Care;Body Care : Body Moisturizer;non
NEUTROGENAnorwegian formula - intense elasticity lotion;NEUTROGENA;norwegian formula - intense elasticity lotion;1;Body Care;Body Care : Body Moisturizer;non
NEUTROGENAnorwegian formula - lip moisturizer spf 20;NEUTROGENA;norwegian formula - lip moisturizer spf 20;1;Lips / Hands Care;Lips / Hands : Lip care;non
NEUTROGENArefreshingly clear pink grapefruit - facial wash;NEUTROGENA;refreshingly clear pink grapefruit - facial wash;1;Face Care;Face Care : Cleansers & make-up removers;non
NEUTROGENAretinol boost - day moisturizer spf 15;NEUTROGENA;retinol boost - day moisturizer spf 15;1;Face Care;Face Care : Anti-Aging;non
NEUTROGENAretinol boost - night serum;NEUTROGENA;retinol boost - night serum;1;Face Care;Face Care : Anti-Aging;non
NEUTROGENAretinol boost - serum;NEUTROGENA;retinol boost - serum;1;Face Care;Face Care : Anti-Aging;non
NEUTROGENAsoothing clear - turmeric facial mist;NEUTROGENA;soothing clear - turmeric facial mist;1;Face Care;Face Care : Cleansers & make-up removers;non
NEUTROGENAspot controlling - facial wash;NEUTROGENA;spot controlling - facial wash;1;Face Care;Face Care : Acne Treatments;non
NEUTROGENAvisibly clear - set;NEUTROGENA;visibly clear - set;1;Face Care;Face Care : Acne Treatments;non
NUXEbio organic - 24 hour sensitive skin deodorant balm;NUXE;bio organic - 24 hour sensitive skin deodorant balm;1;Body Hygiene;Body Hygiene : Deodorants;non
NUXEbio organic - set;NUXE;bio organic - set;1;Face Care;Face Care : Moisturisers;non
NUXEbody - exalting fragrant water;NUXE;body - exalting fragrant water;1;Other;Other : Fragrances;non
NUXEcrème prodigieuse boost - multi-correction gel cream;NUXE;crème prodigieuse boost - multi-correction gel cream;1;Face Care;Face Care : Anti-Aging;non
NUXEcrème prodigieuse boost - multi-correction silky cream;NUXE;crème prodigieuse boost - multi-correction silky cream;1;Face Care;Face Care : Anti-Aging;non
NUXEcrème prodigieuse boost - night recovery oil balm;NUXE;crème prodigieuse boost - night recovery oil balm;1;Face Care;Face Care : Anti-Aging;non
NUXEhair prodigieux - intense nourishing leave in cream;NUXE;hair prodigieux - intense nourishing leave in cream;1;Hair Care;Hair Care : Dry Hair;non
NUXEhuile prodigieuse - shimmering dry oil;NUXE;huile prodigieuse - shimmering dry oil;1;Body Care;Body Care : Body Moisturizer;non
NUXEhuile prodigieuse florale - set;NUXE;huile prodigieuse florale - set;1;Body Care;Body Care : Body Moisturizer;non
NUXEmen - anti-irritation shaving gel;NUXE;men - anti-irritation shaving gel;1;Men Care;Men Care : Shaving;non
NUXEmen - nuxellence anti aging fluid;NUXE;men - nuxellence anti aging fluid;1;Men Care;Men Care : Skin Care;non
NUXEnuxuriance ultra - anti aging - replenishing cream;NUXE;nuxuriance ultra - anti aging - replenishing cream;1;Face Care;Face Care : Anti-Aging;non
NUXEnuxuriance ultra - replenishing rich cream;NUXE;nuxuriance ultra - replenishing rich cream;1;Face Care;Face Care : Anti-Aging;non
NUXEnuxuriance ultra - set;NUXE;nuxuriance ultra - set;1;Face Care;Face Care : Anti-Aging;non
NUXEprodigieuse hyalu boost - reviving eye stick;NUXE;prodigieuse hyalu boost - reviving eye stick;1;Face Care;Face Care : Anti-Aging;non
NUXEprodigieux - beautifying scented body lotion;NUXE;prodigieux - beautifying scented body lotion;1;Body Care;Body Care : Body Moisturizer;non
NUXEprodigieux - body lotion;NUXE;prodigieux - body lotion;1;Body Care;Body Care : Body Moisturizer;non
NUXEprodigieux - edp;NUXE;prodigieux - edp;1;Other;Other : Other products;non
NUXEprodigieux - le parfum;NUXE;prodigieux - le parfum;1;Other;Other : Fragrances;non
NUXEprodigieux néroli - le parfum;NUXE;prodigieux néroli - le parfum;1;Other;Other : Fragrances;non
NUXEreve de miel - body scrub;NUXE;reve de miel - body scrub;1;Body Care;Body Care : Scrubs;non
NUXEreve de miel - face cleansing and makeup removing gel;NUXE;reve de miel - face cleansing and makeup removing gel;1;Face Care;Face Care : Cleansers & make-up removers;non
NUXEreve de miel - set;NUXE;reve de miel - set;1;Other;Other : Other products;non
NUXEreve de miel - ultra comforting day face cream;NUXE;reve de miel - ultra comforting day face cream;1;Face Care;Face Care : Nourishing;non
NUXEreve de the - exalting fragrant water;NUXE;reve de the - exalting fragrant water;1;Other;Other : Fragrances;non
NUXEreve de thé - fresh feel deo 24h roll on;NUXE;reve de thé - fresh feel deo 24h roll on;1;Body Hygiene;Body Hygiene : Deodorants;non
NUXEreve de thé - shower gel;NUXE;reve de thé - shower gel;1;Body Hygiene;Body Hygiene : Syndets;non
NUXEsun - melting cream for face spf 50;NUXE;sun - melting cream for face spf 50;1;Sun Care;Sun Care : Sun protection;non
NUXEsun - tanning oil spf 50;NUXE;sun - tanning oil spf 50;1;Sun Care;Sun Care : Self-tanning;non
NUXEsuper serum 10 - age-defying concentrate;NUXE;super serum 10 - age-defying concentrate;1;Face Care;Face Care : Anti-Aging;non
NUXEsuper serum 10 - set;NUXE;super serum 10 - set;1;Face Care;Face Care : Anti-Aging;non
NUXEsweet lemon - lip balm;NUXE;sweet lemon - lip balm;1;Lips / Hands Care;Lips / Hands : Lip care;non
NUXEvery rose - make-up remover oil;NUXE;very rose - make-up remover oil;1;Face Care;Face Care : Cleansers & make-up removers;non
NUXEvery rose - radiance peeling lotion;NUXE;very rose - radiance peeling lotion;1;Face Care;Face Care : Cleansers & make-up removers;non
NUXEvery rose- creamy make-up remover milk;NUXE;very rose- creamy make-up remover milk;1;Face Care;Face Care : Cleansers & make-up removers;non
OLAPLEXgreatest strength - set;OLAPLEX;greatest strength - set;1;Hair Care;Hair Care : Damaged Hair;non
OLAPLEXin good repair - set;OLAPLEX;in good repair - set;1;Hair Care;Hair Care : Damaged Hair;non
OLAPLEXintense hair repair - set;OLAPLEX;intense hair repair - set;1;Hair Care;Hair Care : Damaged Hair;non
PARODONTAXactive gum repair - fresh mint toothpaste;PARODONTAX;active gum repair - fresh mint toothpaste;1;Toothpaste;Toothpaste total;non
PARODONTAXcomplete protection - soft toothbrush;PARODONTAX;complete protection - soft toothbrush;1;Manual Toothbrush;Manual Toothbrush : Adults;non
PARODONTAXsoft - toothbrush;PARODONTAX;soft - toothbrush;1;Manual Toothbrush;Manual Toothbrush : Adults;non
PARODONTAXwhitening - toothpaste;PARODONTAX;whitening - toothpaste;1;Toothpaste;Toothpaste total;non
PHYTOanti-itching - dermo-soothing shampoo;PHYTO;anti-itching - dermo-soothing shampoo;1;Hair Care;Hair Care : Sensitive Hair;non
PHYTOnutrition - nourishing conditioner;PHYTO;nutrition - nourishing conditioner;1;Hair Care;Hair Care : Dry Hair;non
PHYTOnutrition - nourishing shampoo;PHYTO;nutrition - nourishing shampoo;1;Hair Care;Hair Care : Dry Hair;non
PHYTOphyto 7 elixir - universal enhancing oil;PHYTO;phyto 7 elixir - universal enhancing oil;1;Hair Care;Hair Care : Normal Hair;non
PHYTOphytocolor - radiance enhancer conditioner;PHYTO;phytocolor - radiance enhancer conditioner;1;Hair Care;Hair Care : Colored Hair;non
PHYTOphytocyane men - invigorating shampoo;PHYTO;phytocyane men - invigorating shampoo;1;Men Care;Men Care : Other Products;non
PHYTOphytokeratine - repairing shampoo;PHYTO;phytokeratine - repairing shampoo;1;Hair Care;Hair Care : Damaged Hair;non
PHYTOphytolaque - botanical hair spray with silk;PHYTO;phytolaque - botanical hair spray with silk;1;Hair Care;Hair Care : Styling Products;non
PHYTOphytomillesime - beauty concentrate;PHYTO;phytomillesime - beauty concentrate;1;Hair Care;Hair Care : Normal Hair;non
PHYTOphytoplage - protective sun oil;PHYTO;phytoplage - protective sun oil;1;Hair Care;Hair Care : Sun Care;non
PHYTOphytoplage - shampoo;PHYTO;phytoplage - shampoo;1;Hair Care;Hair Care : Sun Care;non
PHYTOphytovolume - volumizing blow-dry spray;PHYTO;phytovolume - volumizing blow-dry spray;1;Hair Care;Hair Care : Thin Hair;non
PHYTOphytovolume - volumizing spray;PHYTO;phytovolume - volumizing spray;1;Hair Care;Hair Care : Normal Hair;non
PHYTOrepair - intensive repair mask;PHYTO;repair - intensive repair mask;1;Hair Care;Hair Care : Damaged Hair;non
PHYTOsoftness - dry shampoo;PHYTO;softness - dry shampoo;1;Hair Care;Hair Care : Dry Shampoos;non
RENÉ FURTERER5 sens - enhancing dry oil;RENÉ FURTERER;5 sens - enhancing dry oil;1;Hair Care;Hair Care : Light Reflection;non
RENÉ FURTERER5 sens - enhancing shampoo;RENÉ FURTERER;5 sens - enhancing shampoo;1;Hair Care;Hair Care : Light Reflection;non
RENÉ FURTERERabsolue keratine - ultimate repairing serum;RENÉ FURTERER;absolue keratine - ultimate repairing serum;1;Hair Care;Hair Care : Damaged Hair;non
RENÉ FURTERERcolor glow - repairing glow mask;RENÉ FURTERER;color glow - repairing glow mask;1;Hair Care;Hair Care : Colored Hair;non
RENÉ FURTERERcolor glow - thermal protecting glow cream;RENÉ FURTERER;color glow - thermal protecting glow cream;1;Hair Care;Hair Care : Colored Hair;non
RENÉ FURTERERcurbicia - purifying lightness shampoo;RENÉ FURTERER;curbicia - purifying lightness shampoo;1;Hair Care;Hair Care : Greasy Hair;non
RENÉ FURTERERforticea - energizing shampoo;RENÉ FURTERER;forticea - energizing shampoo;1;Hair Care;Hair Care : Anti Hair Loss;oui
RENÉ FURTERERkaringa - ultra hydrating shampoo;RENÉ FURTERER;karinga - ultra hydrating shampoo;1;Hair Care;Hair Care : Dry Hair;non
RENÉ FURTERERkarite - nutri - intense nourishing mask;RENÉ FURTERER;karite - nutri - intense nourishing mask;1;Hair Care;Hair Care : Dry Hair;non
RENÉ FURTERERmelaleuca - anti-dandruff shampoo oily hair;RENÉ FURTERER;melaleuca - anti-dandruff shampoo oily hair;1;Hair Care;Hair Care : Anti-dandruff;non
RENÉ FURTERERneopur - anti-dandruff shampoo oily scalp;RENÉ FURTERER;neopur - anti-dandruff shampoo oily scalp;1;Hair Care;Hair Care : Anti-dandruff;non
RENÉ FURTERERneopur - scalp balancing shampoo dry scalp;RENÉ FURTERER;neopur - scalp balancing shampoo dry scalp;1;Hair Care;Hair Care : Anti-dandruff;non
RENÉ FURTERERsolaire - protective summer fluid kpf 50 plus;RENÉ FURTERER;solaire - protective summer fluid kpf 50 plus;1;Hair Care;Hair Care : Sun Care;non
RENÉ FURTERERsolaire - protective summer hair oil;RENÉ FURTERER;solaire - protective summer hair oil;1;Hair Care;Hair Care : Sun Care;non
RENÉ FURTERERsublime curl - curl activating conditioner;RENÉ FURTERER;sublime curl - curl activating conditioner;1;Hair Care;Hair Care : Dry Hair;non
RENÉ FURTERERsublime karité - moisturizing smoothing mask;RENÉ FURTERER;sublime karité - moisturizing smoothing mask;1;Hair Care;Hair Care : Dry Hair;oui
RENÉ FURTERERsublime karité - moisturizing smoothing shampoo;RENÉ FURTERER;sublime karité - moisturizing smoothing shampoo;1;Hair Care;Hair Care : Dry Hair;oui
RENÉ FURTERERvitalfan - gradual or progressive hair loss - food supplement;RENÉ FURTERER;vitalfan - gradual or progressive hair loss - food supplement;1;Hair Care;Hair Care : Anti Hair Loss;non
RENÉ FURTERERvolumea - volumizing shampoo;RENÉ FURTERER;volumea - volumizing shampoo;1;Hair Care;Hair Care : Thin Hair;non
SOL DE JANEIROcheirosa 62 - edp;SOL DE JANEIRO;cheirosa 62 - edp;1;Other;Other : Fragrances;non
SOL DE JANEIROdanca mistica - perfume mist;SOL DE JANEIRO;danca mistica - perfume mist;1;Other;Other : Fragrances;non
SOL DE JANEIROhydration celebration body routine - set;SOL DE JANEIRO;hydration celebration body routine - set;1;Body Care;Body Care : Body Moisturizer;non
SOL DE JANEIROrio radiance - body lotion spf 50;SOL DE JANEIRO;rio radiance - body lotion spf 50;1;Sun Care;Sun Care : Sun protection;non
SOL DE JANEIROsol essentials - set;SOL DE JANEIRO;sol essentials - set;1;Other;Other : Fragrances;non
SVRampoule [b3] hydra - repairing concentrate;SVR;ampoule [b3] hydra - repairing concentrate;1;Face Care;Face Care : Moisturisers;non
SVRcicavit plus - purifying soothing cleanser;SVR;cicavit plus - purifying soothing cleanser;1;Healing Care;Healing Care : Skin Repair;non
SVRclairial - anti-brown spot unifying corrector spf30;SVR;clairial - anti-brown spot unifying corrector spf30;1;Face Care;Face Care : Depigmentation;non
SVRdensitium - cream spf 30;SVR;densitium - cream spf 30;1;Face Care;Face Care : Anti-Aging;non
SVRdensitium - eyes contour care;SVR;densitium - eyes contour care;1;Face Care;Face Care : Anti-Aging;non
SVRdensitium - set;SVR;densitium - set;1;Face Care;Face Care : Anti-Aging;non
SVRhyalu - set;SVR;hyalu - set;1;Face Care;Face Care : Anti-Aging;non
SVRsebiaclear - cicapeel;SVR;sebiaclear - cicapeel;1;Face Care;Face Care : Acne Treatments;non
SVRsebiaclear - cleansing cream;SVR;sebiaclear - cleansing cream;1;Face Care;Face Care : Acne Treatments;non
SVRsebiaclear - purifying & exfoliating cleanser;SVR;sebiaclear - purifying & exfoliating cleanser;1;Face Care;Face Care : Acne Treatments;non
SVRsebiaclear - purifying cleansing cream;SVR;sebiaclear - purifying cleansing cream;1;Face Care;Face Care : Acne Treatments;non
SVRsebiaclear - purifying micellar water;SVR;sebiaclear - purifying micellar water;1;Face Care;Face Care : Acne Treatments;non
SVRsebiaclear - set;SVR;sebiaclear - set;1;Face Care;Face Care : Acne Treatments;non
SVRsensifine ar - anti redness - rich cream;SVR;sensifine ar - anti redness - rich cream;1;Face Care;Face Care : Soothing and Anti-redness;non
SVRsun secure - milky mist spf 30;SVR;sun secure - milky mist spf 30;1;Sun Care;Sun Care : Sun protection;non
SVRsun secure - milky mist spf 50;SVR;sun secure - milky mist spf 50;1;Sun Care;Sun Care : Sun protection;non
SVRsun secure - spray pocket spf 50;SVR;sun secure - spray pocket spf 50;1;Sun Care;Sun Care : Sun protection;non
SVRtopialyse - foaming paste;SVR;topialyse - foaming paste;1;Face Care;Face Care : Cleansers & make-up removers;non
SVRtopialyse - protecting anti-dryness cleanser;SVR;topialyse - protecting anti-dryness cleanser;1;Body Hygiene;Body Hygiene : Syndets;non
SVRxerial 50 - foot cream;SVR;xerial 50 - foot cream;1;Other;Other : Foot Care;non
URIAGEbaby - first cleansing soothing oil;URIAGE;baby - first cleansing soothing oil;1;Baby Care;Baby Care : Cleansing Lotions;non
URIAGEbaby - first moisturizing cream;URIAGE;baby - first moisturizing cream;1;Baby Care;Baby Care : Body And Face Creams;non
URIAGEbaby - first natural serum;URIAGE;baby - first natural serum;1;Baby Care;Baby Care : Body And Face Creams;non
URIAGEbariéderm - insulating repairing cream;URIAGE;bariéderm - insulating repairing cream;1;Healing Care;Healing Care : Skin Repair;non
URIAGEbariéderm - ointment fissures cracks;URIAGE;bariéderm - ointment fissures cracks;1;Healing Care;Healing Care : Skin Repair;non
URIAGEbariéderm cica - daily gel cream;URIAGE;bariéderm cica - daily gel cream;1;Healing Care;Healing Care : Skin Repair;non
URIAGEbariéderm cica - drying repairing spray;URIAGE;bariéderm cica - drying repairing spray;1;Healing Care;Healing Care : Skin Repair;non
URIAGEbariésun - mineral cream - spf 50;URIAGE;bariésun - mineral cream - spf 50;1;Sun Care;Sun Care : Sun protection;non
URIAGEbariésun - mineral stick - spf 50;URIAGE;bariésun - mineral stick - spf 50;1;Sun Care;Sun Care : Sun protection;non
URIAGEbariésun - moisturizing cream spf 50;URIAGE;bariésun - moisturizing cream spf 50;1;Sun Care;Sun Care : Sun protection;non
URIAGEbariésun - tinted cream- very high protection - spf 50;URIAGE;bariésun - tinted cream- very high protection - spf 50;1;Sun Care;Sun Care : Sun protection;non
URIAGEcica daily - set;URIAGE;cica daily - set;1;Healing Care;Healing Care : Skin Repair;non
URIAGEcold cream - protective cream;URIAGE;cold cream - protective cream;1;Body Care;Body Care : Body Moisturizer;non
URIAGEdepiderm - brightening cleansing foam;URIAGE;depiderm - brightening cleansing foam;1;Face Care;Face Care : Depigmentation;non
URIAGEderm phy - dermatological cleansing cream;URIAGE;derm phy - dermatological cleansing cream;1;Body Hygiene;Body Hygiene : Syndets;non
URIAGEderm phy - dermatological cleansing oil;URIAGE;derm phy - dermatological cleansing oil;1;Body Hygiene;Body Hygiene : Syndets;non
URIAGEds hair - kerato-reducing treatment shampoo;URIAGE;ds hair - kerato-reducing treatment shampoo;1;Hair Care;Hair Care : Anti-dandruff;non
URIAGEeau thermale - cleansing water foam;URIAGE;eau thermale - cleansing water foam;1;Face Care;Face Care : Cleansers & make-up removers;non
URIAGEeau thermale - fresh deo spray;URIAGE;eau thermale - fresh deo spray;1;Body Hygiene;Body Hygiene : Deodorants;non
URIAGEeau thermale - gentle jelly face scrub;URIAGE;eau thermale - gentle jelly face scrub;1;Face Care;Face Care : Cleansers & make-up removers;non
URIAGEeau thermale - water cream;URIAGE;eau thermale - water cream;1;Face Care;Face Care : Moisturisers;non
URIAGEeau thermale - water eye contour cream;URIAGE;eau thermale - water eye contour cream;1;Face Care;Face Care : Moisturisers;non
URIAGEeau thermale spray;URIAGE;eau thermale spray;1;Face Care;Face Care : Thermal Spring Waters;non
URIAGEgyn phy - intimate hygiene cleansing mist;URIAGE;gyn phy - intimate hygiene cleansing mist;1;Body Hygiene;Body Hygiene : Intimate Hygiene;non
URIAGEhydratation - extra-rich dermatological syndet bar;URIAGE;hydratation - extra-rich dermatological syndet bar;1;Body Hygiene;Body Hygiene : Bar Soap;non
URIAGEhydratation - hydrating mist;URIAGE;hydratation - hydrating mist;1;Face Care;Face Care : Moisturisers;non
URIAGEhydratation - silky body lotion;URIAGE;hydratation - silky body lotion;1;Face Care;Face Care : Moisturisers;non
URIAGEhydratation - unctuous body balm;URIAGE;hydratation - unctuous body balm;1;Face Care;Face Care : Moisturisers;non
URIAGEhydratation - water eyes contour cream;URIAGE;hydratation - water eyes contour cream;1;Face Care;Face Care : Moisturisers;non
URIAGEhyséac - pâte sos;URIAGE;hyséac - pâte sos;1;Face Care;Face Care : Acne Treatments;non
URIAGEhyséac - purifying oil;URIAGE;hyséac - purifying oil;1;Face Care;Face Care : Acne Treatments;non
URIAGEhyséac - purifying oil - acne-prone skin;URIAGE;hyséac - purifying oil - acne-prone skin;1;Face Care;Face Care : Acne Treatments;non
URIAGEhyséac - purifying peel-off mask;URIAGE;hyséac - purifying peel-off mask;1;Face Care;Face Care : Acne Treatments;non
URIAGEhyséac - purifying toner;URIAGE;hyséac - purifying toner;1;Face Care;Face Care : Acne Treatments;non
URIAGEhyséac hydra - soothing cream;URIAGE;hyséac hydra - soothing cream;1;Face Care;Face Care : Acne Treatments;non
URIAGEroséliane - anti redness cream - spf 50;URIAGE;roséliane - anti redness cream - spf 50;1;Face Care;Face Care : Soothing and Anti-redness;non
URIAGEroséliane - set;URIAGE;roséliane - set;1;Face Care;Face Care : Soothing and Anti-redness;non
URIAGEthermal micellar water - normal to dry skin;URIAGE;thermal micellar water - normal to dry skin;1;Face Care;Face Care : Cleansers & make-up removers;non
URIAGEtoléderm - control - fresh soothing eyecare;URIAGE;toléderm - control - fresh soothing eyecare;1;Face Care;Face Care : Soothing and Anti-redness;non
URIAGEwaterproof eye makeup remover;URIAGE;waterproof eye makeup remover;1;Face Care;Face Care : Cleansers & make-up removers;non
URIAGExémose - face cream;URIAGE;xémose - face cream;1;Face Care;Face Care : Moisturisers;non
URIAGExémose c8 plus - anti-itch cleansing oil;URIAGE;xémose c8 plus - anti-itch cleansing oil;1;Body Hygiene;Body Hygiene : Syndets;non
URIAGExémose c8 plus - soothing nourishing palpebral care;URIAGE;xémose c8 plus - soothing nourishing palpebral care;1;Face Care;Face Care : Soothing and Anti-redness;non
VICHYap deo 24h - dry touch - roll on;VICHY;ap deo 24h - dry touch - roll on;1;Body Hygiene;Body Hygiene : Deodorants;non
VICHYap deo 24h - roll on deo;VICHY;ap deo 24h - roll on deo;1;Body Hygiene;Body Hygiene : Deodorants;non
VICHYap deo 48h - anti white cast - spray;VICHY;ap deo 48h - anti white cast - spray;1;Body Hygiene;Body Hygiene : Deodorants;non
VICHYap deo 48h - intense perspiration - roll on;VICHY;ap deo 48h - intense perspiration - roll on;1;Body Hygiene;Body Hygiene : Deodorants;non
VICHYap deo 48h - intense perspiration - spray;VICHY;ap deo 48h - intense perspiration - spray;1;Body Hygiene;Body Hygiene : Deodorants;non
VICHYap deo 48h - mineral - roll on;VICHY;ap deo 48h - mineral - roll on;1;Body Hygiene;Body Hygiene : Deodorants;non
VICHYap deo 72h - intense perspiration - roll on;VICHY;ap deo 72h - intense perspiration - roll on;1;Body Hygiene;Body Hygiene : Deodorants;non
VICHYaqualia thermal - rich cream;VICHY;aqualia thermal - rich cream;1;Face Care;Face Care : Nourishing;non
VICHYcapital soleil - cell protect invisible oil spf 50;VICHY;capital soleil - cell protect invisible oil spf 50;1;Sun Care;Sun Care : Sun protection;non
VICHYcapital soleil - dry touch face fluid spf 50;VICHY;capital soleil - dry touch face fluid spf 50;1;Sun Care;Sun Care : Sun protection;non
VICHYcapital soleil - fresh protective milk spf 50;VICHY;capital soleil - fresh protective milk spf 50;1;Sun Care;Sun Care : Sun protection;non
VICHYcapital soleil - invisible hydrating milk spf 50;VICHY;capital soleil - invisible hydrating milk spf 50;1;Sun Care;Sun Care : Sun protection;non
VICHYcapital soleil - solar protective water spf 50;VICHY;capital soleil - solar protective water spf 50;1;Sun Care;Sun Care : Sun protection;non
VICHYcapital soleil kids - anti sand mist spf 50;VICHY;capital soleil kids - anti sand mist spf 50;1;Sun Care;Sun Care : Sun protection;non
VICHYdercos - densi-solutions restoring thickening balm;VICHY;dercos - densi-solutions restoring thickening balm;1;Hair Care;Hair Care : Thin Hair;non
VICHYdercos - energizing - conditioner;VICHY;dercos - energizing - conditioner;1;Sun Care;Sun Care : Sun protection;non
VICHYdercos - energizing - shampoo;VICHY;dercos - energizing - shampoo;1;Hair Care;Hair Care : Anti Hair Loss;non
VICHYdercos - kera solutions - resurfacing shampoo;VICHY;dercos - kera solutions - resurfacing shampoo;1;Hair Care;Hair Care : Anti-dandruff;non
VICHYdercos - neogenic redensifying shampoo;VICHY;dercos - neogenic redensifying shampoo;1;Hair Care;Hair Care : Anti Hair Loss;non
VICHYdercos - ultra soothing dry hair - shampoo;VICHY;dercos - ultra soothing dry hair - shampoo;1;Hair Care;Hair Care : Sensitive Hair;non
VICHYdermablend - fluid corrective foundation 16hr spf 35;VICHY;dermablend - fluid corrective foundation 16hr spf 35;1;Make-up;Make-up : Face;non
VICHYideal soleil - bb tinted dry touch face fluid spf 50;VICHY;ideal soleil - bb tinted dry touch face fluid spf 50;1;Sun Care;Sun Care : Sun protection;non
VICHYideal soleil - mattifying face fluid dry touch spf 50;VICHY;ideal soleil - mattifying face fluid dry touch spf 50;1;Sun Care;Sun Care : Sun protection;non
VICHYideal soleil - solar protective water spf 30;VICHY;ideal soleil - solar protective water spf 30;1;Sun Care;Sun Care : Sun protection;non
VICHYideal soleil - velvety cream spf 50;VICHY;ideal soleil - velvety cream spf 50;1;Sun Care;Sun Care : Sun protection;non
VICHYliftactiv - b3 tone correcting cream;VICHY;liftactiv - b3 tone correcting cream;1;Face Care;Face Care : Anti-Aging;non
VICHYliftactiv - hyalu mask;VICHY;liftactiv - hyalu mask;1;Face Care;Face Care : Anti-Aging;non
VICHYliftactiv - night cream;VICHY;liftactiv - night cream;1;Face Care;Face Care : Anti-Aging;non
VICHYliftactiv - retinol specialist serum;VICHY;liftactiv - retinol specialist serum;1;Face Care;Face Care : Anti-Aging;non
VICHYliftactiv flexiteint - anti-wrinkle foundation spf 20;VICHY;liftactiv flexiteint - anti-wrinkle foundation spf 20;1;Face Care;Face Care : Anti-Aging;non
VICHYliftactiv hyaluronic specialist - eye care;VICHY;liftactiv hyaluronic specialist - eye care;1;Face Care;Face Care : Anti-Aging;non
VICHYliftactiv supreme - ha epidermic filler;VICHY;liftactiv supreme - ha epidermic filler;1;Face Care;Face Care : Anti-Aging;non
VICHYmen - anti irritation - shaving foam;VICHY;men - anti irritation - shaving foam;1;Men Care;Men Care : Shaving;non
VICHYmen - at deo 48h - anti irritations - roll on;VICHY;men - at deo 48h - anti irritations - roll on;1;Body Hygiene;Body Hygiene : Deodorants;non
VICHYmen - at deo 48h - mineral - optimal tolerance - spray;VICHY;men - at deo 48h - mineral - optimal tolerance - spray;1;Body Hygiene;Body Hygiene : Deodorants;non
VICHYmen - at deo 48h - sensitive skin - roll on;VICHY;men - at deo 48h - sensitive skin - roll on;1;Body Hygiene;Body Hygiene : Deodorants;non
VICHYmen - hydra mag c - shower gel;VICHY;men - hydra mag c - shower gel;1;Men Care;Men Care : Skin Care;non
VICHYmineral 89 - 72h moisture boosting fluid spf 50;VICHY;mineral 89 - 72h moisture boosting fluid spf 50;1;Face Care;Face Care : Anti-Aging;non
VICHYmineral 89 - probiotic fractions concentrate;VICHY;mineral 89 - probiotic fractions concentrate;1;Face Care;Face Care : Anti-Aging;non
VICHYmineralblend - foundation;VICHY;mineralblend - foundation;1;Make-up;Make-up : Face;non
VICHYmineralblend - hydrating fdt;VICHY;mineralblend - hydrating fdt;1;Make-up;Make-up : Face;non
VICHYneovadiol - firming anti dark spots cream spf 50;VICHY;neovadiol - firming anti dark spots cream spf 50;1;Face Care;Face Care : Depigmentation;non
VICHYneovadiol - magistral - densifying & nourishing balm;VICHY;neovadiol - magistral - densifying & nourishing balm;1;Face Care;Face Care : Anti-Aging;non
VICHYneovadiol - peri & post menopause - multi-corrective eye and lip care;VICHY;neovadiol - peri & post menopause - multi-corrective eye and lip care;1;Face Care;Face Care : Anti-Aging;non
VICHYneovadiol - peri menopause - redensifying revitalizing night cream;VICHY;neovadiol - peri menopause - redensifying revitalizing night cream;1;Face Care;Face Care : Anti-Aging;non
VICHYneovadiol - substitutive complexe - eye & lips densifying and smoothing care;VICHY;neovadiol - substitutive complexe - eye & lips densifying and smoothing care;1;Face Care;Face Care : Anti-Aging;non
VICHYnormaderm - anti blemish cream;VICHY;normaderm - anti blemish cream;1;Face Care;Face Care : Acne Treatments;non
VICHYnormaderm - micellar solution 3 in 1;VICHY;normaderm - micellar solution 3 in 1;1;Face Care;Face Care : Acne Treatments;non
VICHYnormaderm - purifying pore-tightening lotion;VICHY;normaderm - purifying pore-tightening lotion;1;Face Care;Face Care : Acne Treatments;non
VICHYnormaderm phytosolution - double correction cream;VICHY;normaderm phytosolution - double correction cream;1;Face Care;Face Care : Acne Treatments;non
VICHYnormaderm pro-bio bha - anti-imperfections serum;VICHY;normaderm pro-bio bha - anti-imperfections serum;1;Face Care;Face Care : Acne Treatments;non
VICHYnutrilogie - 1 intense cream;VICHY;nutrilogie - 1 intense cream;1;Face Care;Face Care : Nourishing;non
